Timestamp,Channel,User,Message
2025-03-26T03:35:10.422251,forsen,onyx__rose,18mill AYAYA AYAYA AYAYA AYAYA AYAYA AYAYA AYAYA nyanPls AYAYA nyanPls AYAYA AYAYA AYAYA AYAYA AYAYA AYAYA AYAYA AYAYA AYAYA nyanPls AYAYA AYAYA AYAYA AYAYA AYAYA AYAYA AYAYA AYAYA AYAYA AYAYA nyanPls AYAYA
2025-03-26T03:35:10.675455,forsen,tricklord,NaM NaM NaM NaM NaM NaM NaM NaM NaM NaM NaM NaM .
2025-03-26T03:35:11.003319,forsen,djfors_,@thraankez forsenJam you can add song now! forsenMaxLevel
2025-03-26T03:35:11.122876,summit1g,tunby,Looking
2025-03-26T03:35:11.208046,skipnho,luizfeiipee,kkkkk
2025-03-26T03:35:11.358944,xqc,nawmps,@nawmp next PLEASE
2025-03-26T03:35:11.539186,forsen,onyx__rose,18mill  AYAYA AYAYA AYAYA AYAYA AYAYA AYAYA AYAYA nyanPls AYAYA nyanPls AYAYA AYAYA AYAYA AYAYA AYAYA AYAYA AYAYA AYAYA AYAYA nyanPls AYAYA AYAYA AYAYA AYAYA AYAYA AYAYA AYAYA AYAYA AYAYA AYAYA nyanPls AYAYA
2025-03-26T03:35:11.624395,summit1g,getnasty,no
2025-03-26T03:35:12.032668,summit1g,xhipgamer,ACTION sumCreeper âœ§ RESUB HYPE! (ï¾‰â—•ãƒ®â—•)ï¾‰ sumBuhblam Poncho_HTX stayed on the 1G Squad!! sum1g sumLove sum1g
2025-03-26T03:35:12.149916,skipnho,sucoghanmie,Larga de ser frouxo breeenks
2025-03-26T03:35:12.256116,boxbox,adrafen,@TwiceOwO <3
2025-03-26T03:35:12.341295,forsen,tricklord,NaM NaM NaM NaM NaM NaM NaM NaM NaM NaM NaM NaM
2025-03-26T03:35:12.426472,summit1g,campifyz,SHRUG
2025-03-26T03:35:12.647283,summit1g,leech_x,no
2025-03-26T03:35:12.733639,forsen,onyx__rose,18mill AYAYA AYAYA AYAYA AYAYA AYAYA AYAYA AYAYA nyanPls AYAYA nyanPls AYAYA AYAYA AYAYA AYAYA AYAYA AYAYA AYAYA AYAYA AYAYA nyanPls AYAYA AYAYA AYAYA AYAYA AYAYA AYAYA AYAYA AYAYA AYAYA AYAYA nyanPls AYAYA
2025-03-26T03:35:12.818822,shroud,m0eem0ee,w heal force ult
2025-03-26T03:35:13.671333,boxbox,nakoma_mahal,here
2025-03-26T03:35:13.777324,forsen,onyx__rose,18mill  AYAYA AYAYA AYAYA AYAYA AYAYA AYAYA AYAYA nyanPls AYAYA nyanPls AYAYA AYAYA AYAYA AYAYA AYAYA AYAYA AYAYA AYAYA AYAYA nyanPls AYAYA AYAYA AYAYA AYAYA AYAYA AYAYA AYAYA AYAYA AYAYA AYAYA nyanPls AYAYA
2025-03-26T03:35:14.054387,skipnho,reilima_pxxxp,!filme
2025-03-26T03:35:14.189431,xqc,hamzasjuice,"@Ekibiogamii, :)) salut"
2025-03-26T03:35:14.325628,loltyler1,musclemiketft,kill his shop
2025-03-26T03:35:14.905716,forsen,onyx__rose,18mill AYAYA AYAYA AYAYA AYAYA AYAYA AYAYA AYAYA nyanPls AYAYA nyanPls AYAYA AYAYA AYAYA AYAYA AYAYA AYAYA AYAYA AYAYA AYAYA nyanPls AYAYA AYAYA AYAYA AYAYA AYAYA AYAYA AYAYA AYAYA AYAYA AYAYA nyanPls AYAYA
2025-03-26T03:35:15.023184,summit1g,m0ng0os3,the durability is low
2025-03-26T03:35:15.270262,shroud,hashmash123,@xainagon we already had wolverine
2025-03-26T03:35:15.632041,summit1g,binodynamic,@mstardis_ I miss the days prior to Rogue 2.0 when you were able to shoot anyone anytime
2025-03-26T03:35:15.910853,rubius,yinyel1,Gayge ðŸ‘‡
2025-03-26T03:35:16.015902,forsen,onyx__rose,18mill  AYAYA AYAYA AYAYA AYAYA AYAYA AYAYA AYAYA nyanPls AYAYA nyanPls AYAYA AYAYA AYAYA AYAYA AYAYA AYAYA AYAYA AYAYA AYAYA nyanPls AYAYA AYAYA AYAYA AYAYA AYAYA AYAYA AYAYA AYAYA AYAYA AYAYA nyanPls AYAYA
2025-03-26T03:35:16.101145,skipnho,derlyzera,!filme
2025-03-26T03:35:17.025432,loltyler1,musclemiketft,why leave? end the game
2025-03-26T03:35:17.110573,forsen,tricklord,NaM NaM NaM NaM NaM NaM NaM NaM NaM NaM NaM NaM .
2025-03-26T03:35:17.195879,forsen,onyx__rose,18mill AYAYA AYAYA AYAYA AYAYA AYAYA AYAYA AYAYA nyanPls AYAYA nyanPls AYAYA AYAYA AYAYA AYAYA AYAYA AYAYA AYAYA AYAYA AYAYA nyanPls AYAYA AYAYA AYAYA AYAYA AYAYA AYAYA AYAYA AYAYA AYAYA AYAYA nyanPls AYAYA
2025-03-26T03:35:17.281039,summit1g,silentwisco,@mookie1g i get what your saying but i think my comment went the wrong way for ya . So gg ig lol
2025-03-26T03:35:17.454177,grimmmz,juicy0411,choupetto ThankEgg
2025-03-26T03:35:17.539395,boxbox,irony_owo,does zac split refresh items
2025-03-26T03:35:17.539536,xqc,ekibiogamii,catHi
2025-03-26T03:35:17.630584,jukes,iidannety,"@jukes big banker Jukera por favor, tem crianÃ§a chorando"
2025-03-26T03:35:17.731443,summit1g,ten_lepers,Yes
2025-03-26T03:35:17.945327,xqc,wizwot,hamzy ó €€
2025-03-26T03:35:18.030511,myth,therealdeemz,fuck his mental health tbh
2025-03-26T03:35:18.115716,xqc,ratot,gami More MyBeloved
2025-03-26T03:35:18.200900,loltyler1,oosrk,kodo can devour a kodo?
2025-03-26T03:35:18.286082,forsen,onyx__rose,18mill  AYAYA AYAYA AYAYA AYAYA AYAYA AYAYA AYAYA nyanPls AYAYA nyanPls AYAYA AYAYA AYAYA AYAYA AYAYA AYAYA AYAYA AYAYA AYAYA nyanPls AYAYA AYAYA AYAYA AYAYA AYAYA AYAYA AYAYA AYAYA AYAYA AYAYA nyanPls AYAYA
2025-03-26T03:35:18.480388,summit1g,adrian_87_,monkaHmm
2025-03-26T03:35:18.725272,forsen,tricklord,NaM NaM NaM NaM NaM NaM NaM NaM NaM NaM NaM NaM
2025-03-26T03:35:19.026019,skipnho,p0cax,FAZ O L
2025-03-26T03:35:19.193105,jukes,jigsam__,s
2025-03-26T03:35:19.324492,skipnho,brimbo_,chat sem mod
2025-03-26T03:35:19.409680,grimmmz,solitude_bound,Why interesting?
2025-03-26T03:35:19.860970,myth,identikalz,damn makes me wana charge my batteries and go fly
2025-03-26T03:35:19.946293,gamesdonequick,zachary20xx,gaming
2025-03-26T03:35:20.145168,xqc,wizwot,hamzy ekibi
2025-03-26T03:35:20.230275,summit1g,awol_lsd,@Frettin_FPS yeah safe zones and traders
2025-03-26T03:35:20.830270,skipnho,lightsaulo,crl
2025-03-26T03:35:20.986124,lilypichu,b4history1,o7 ó €€
2025-03-26T03:35:21.071281,xqc,peeter_69,!hangman guess candlers
2025-03-26T03:35:21.156570,boxbox,nervah_,@TwiceOwO enluFlower
2025-03-26T03:35:21.241756,xqc,thepositivebot,"ACTION [Hangman] peeter_69, your guess was incorrect! monkaS The word is ""_ a _ d l e r s"" | 4 guesses left! PepeLaugh"
2025-03-26T03:35:21.326995,cellbit,waggner_,Eepy
2025-03-26T03:35:21.416709,lilypichu,gonzo47_,right click and examine to know their AC
2025-03-26T03:35:21.687436,skipnho,sibache,Galera depois manda o filme apocalipsto no chat mostra os maias e astecas como eram sanguinarios antes da chegada dos navegadores
2025-03-26T03:35:22.009954,grimmmz,dainty_angela,what happened?
2025-03-26T03:35:22.095093,myth,jchosen,@trizket time to find out lol
2025-03-26T03:35:22.180240,lilypichu,moonfallxz,its cooked
2025-03-26T03:35:22.348433,loltyler1,musclemiketft,no
2025-03-26T03:35:22.433636,lilypichu,mochamjolk,its joever
2025-03-26T03:35:22.433831,boxbox,nervah_,My goat
2025-03-26T03:35:22.601471,myth,etanolmae,Its more fun not to follow the route
2025-03-26T03:35:22.765276,xqc,nawmps,hi kibi
2025-03-26T03:35:22.850478,lilypichu,liquidfinal,i did not know that happened
2025-03-26T03:35:23.361281,jukes,hojeecomeremoscoool,horrivel
2025-03-26T03:35:23.567049,xqc,ekibiogamii,rat More MyBeloved
2025-03-26T03:35:23.652231,jukes,jon1tas,aposta
2025-03-26T03:35:23.737401,nl_kripp,supergazman,skipped item from arken
2025-03-26T03:35:23.999254,skipnho,vitutastys3x,NINGUEM CHAMOU UM EXORCISTA PRA SALAVR ELE
2025-03-26T03:35:24.162854,skipnho,bancodobrazilll,@alexsilva1412 vc mora do lado de uma upp e tem baile funk toda semana perto da sua casa e vc dorme mal pra ir trabalhar logo cedo clt podre
2025-03-26T03:35:24.360733,shroud,gloccctopus,is that the same Namor that was on shrouds team last game?
2025-03-26T03:35:24.446106,jukes,hojeecomeremoscoool,pqp
2025-03-26T03:35:24.605104,skipnho,carlosduu,que filme Ã© esse?
2025-03-26T03:35:24.747840,lilypichu,rimvad,"oh, they let him gt up?"
2025-03-26T03:35:25.031871,grimmmz,fahntastique,hello hello
2025-03-26T03:35:25.117017,xqc,dex_malorian,nawmp time to switch it up and start smoking estrogen omeMoji SmokeTime
2025-03-26T03:35:25.237208,summit1g,mstardis_,I've been grinding the campagine and realized how much i miss Div 1 @Binodynamic
2025-03-26T03:35:25.322522,rakin,thelastsamuraiwr,Gasolina
2025-03-26T03:35:25.322796,forsen,tricklord,@samnamram BasedGod .
2025-03-26T03:35:25.407690,skipnho,stalker_dark_,!filme
2025-03-26T03:35:25.559855,myth,identikalz,havent flown in a year or 2
2025-03-26T03:35:25.645070,rakin,brael1312,anuncia na yellow procura mecanico kk
2025-03-26T03:35:25.910530,xqc,hamzasjuice,@Ekibiogamii cava ekibi ?
2025-03-26T03:35:26.004706,jukes,ymonster69,"ele rouba igual, com ou sem gamble"
2025-03-26T03:35:26.324053,lilypichu,tartolla,o7 tpk
2025-03-26T03:35:26.584351,nl_kripp,antwan_dc,rip the reward
2025-03-26T03:35:26.669633,lilypichu,labyrinth94,i think this group needs to save every 5 mins om
2025-03-26T03:35:26.799650,boxbox,boxboxbot,Thank you for being here nakoma_mahal. 53 users have checked in today.
2025-03-26T03:35:26.884874,jukes,icaro415,+2
2025-03-26T03:35:27.187299,jukes,jon1tas,aposta dog
2025-03-26T03:35:27.272464,skipnho,drakskol,kkkkkkkkkkkkkk
2025-03-26T03:35:27.357632,xqc,ekibiogamii,naw qq
2025-03-26T03:35:28.251744,xqc,wizwot,hamzy ekibi nawmp i got new cs knife EZ
2025-03-26T03:35:28.988981,lilypichu,wsheepolf,"""this is the run"""
2025-03-26T03:35:29.074092,jukes,ldodgekingl,chance minima de pagar sem apostar
2025-03-26T03:35:29.159266,rubius,naathch,)))))
2025-03-26T03:35:29.244466,jukes,lubskat2,Loucura
2025-03-26T03:35:29.361175,lilypichu,liquidfinal,holy shit you guys killed yourselves LULW
2025-03-26T03:35:29.871202,loltyler1,johmegg,musclemike is NOT happy
2025-03-26T03:35:30.057589,skipnho,p0cax,Faz o Ll
2025-03-26T03:35:30.142722,xqc,1f47a,!hangman guess handlers
2025-03-26T03:35:30.142898,boxbox,twiceowo,@lunabrium boxHeart
2025-03-26T03:35:30.143010,summit1g,reggie4491,Iâ€™d store T2 Armour
2025-03-26T03:35:30.143124,rakin,thelastsamuraiwr,Gasolina rakin
2025-03-26T03:35:30.227888,nl_kripp,yabeautifulbastard,"i mean if they were going to nerf vip pass, they woulda done it when the nerfed the other p2w shit"
2025-03-26T03:35:30.313221,xqc,thepositivebot,"ACTION [Hangman] 1f47a, please wait 10 seconds before using this command FeelsOkayMan"
2025-03-26T03:35:30.398430,jukes,jon1tas,APOSTA DOG
2025-03-26T03:35:30.398554,jukes,trallok,jogo de gamble tem que dar gamble
2025-03-26T03:35:30.595195,skipnho,arrascaeta14rj,kkkkkkkkkkkkkkkkkkkkkkkkkkkk
2025-03-26T03:35:31.180894,skipnho,sibache,O regresso
2025-03-26T03:35:31.266054,lilypichu,dawnknight,o7 team
2025-03-26T03:35:31.351205,jukes,rhoberrt,xdd
2025-03-26T03:35:31.534796,jukes,streamelements,@rhoberrt xddshy
2025-03-26T03:35:31.619948,amouranth,fossabot,HER SOCIAL MEDIA LINKS! ðŸ‘ ðŸ’¦ http://downbad.com http://downbad.com http://downbad.com http://downbad.com http://downbad.com http://downbad.com
2025-03-26T03:35:31.620104,jukes,xpgod1,risco ó €€
2025-03-26T03:35:31.620239,xqc,1f47a,!hangman  guess handlers
2025-03-26T03:35:31.705118,jukes,streamelements,tobitheuss se inscreveu por 30 meses seguidos jukesPog
2025-03-26T03:35:31.705249,xqc,clapzygn,"@rageca6e,  LOL ALL THESE BROKIE S"
2025-03-26T03:35:31.851955,nl_kripp,brownymaster,wait why not sell gumballs and sell reward
2025-03-26T03:35:31.937157,jukes,iiarcanjoil,APOSTA!
2025-03-26T03:35:32.022351,xqc,peeter_69,!hangman guess handlers
2025-03-26T03:35:32.107537,jukes,filipee_1,eu acho meio loucura mesmo jogar 666 sem gamble
2025-03-26T03:35:32.607540,summit1g,keenzzyfps,"how is this always wanted to try it, I heard there was a big hacker problem"
2025-03-26T03:35:32.692693,loltyler1,infestedravager,@oosrk I think they can vore only small units
2025-03-26T03:35:32.692928,xqc,ekibiogamii,hamza mhm
2025-03-26T03:35:33.035955,shroud,mal_lobo_,great soul bind
2025-03-26T03:35:33.121037,lilypichu,adrianelguerito,last save eight years ago
2025-03-26T03:35:33.121147,rakin,kurogane_yato,Nao tem kit ?
2025-03-26T03:35:33.206383,skipnho,ayattolive,x baco
2025-03-26T03:35:33.487104,skipnho,sucoghanmie,Tem direito a ultima refeiÃ§Ã£o
2025-03-26T03:35:33.640260,xqc,peeter_69,!hangman guess handlers ó €€
2025-03-26T03:35:33.812044,xqc,thepositivebot,"ACTION [Hangman] peeter_69, you got the word right! PogChamp It was handlers! Do '!hangman start' to start another one :)"
2025-03-26T03:35:33.897346,nl_kripp,cobothegreat,Thicccc
2025-03-26T03:35:33.897459,xqc,1f47a,!hangman guess handlers
2025-03-26T03:35:34.599376,boxbox,twiceowo,@AdraFen np boxFlower
2025-03-26T03:35:34.929321,xqc,clapzygn,"@rageca6e, LOL ALL THESE BROKIE S"
2025-03-26T03:35:35.014487,summit1g,whyiskanyewest,that assault vest better than police vest
2025-03-26T03:35:35.099859,nl_kripp,gaiaz,If they nerf the pass items after they go free thats gonna be sus af
2025-03-26T03:35:35.301325,skipnho,obt1313,q filme Ã©
2025-03-26T03:35:35.386558,xqc,nawmps,nice wiz
2025-03-26T03:35:35.493680,rubius,yinyel1,classic
2025-03-26T03:35:35.578938,jukes,mrblanes,tem q apostar
2025-03-26T03:35:35.579171,shroud,froggy_so_fresh,@OpaqueMatter what makes you say that
2025-03-26T03:35:35.664191,summit1g,sicilianmonkey,smaller boolet Iâ€™m guessing
2025-03-26T03:35:35.774144,forsen,onyx__rose,18mill AYAYA AYAYA AYAYA AYAYA AYAYA AYAYA AYAYA nyanPls AYAYA nyanPls AYAYA AYAYA AYAYA AYAYA AYAYA AYAYA AYAYA AYAYA AYAYA nyanPls AYAYA AYAYA AYAYA AYAYA AYAYA AYAYA AYAYA AYAYA AYAYA AYAYA nyanPls AYAYA
2025-03-26T03:35:35.859316,skipnho,alexsilva1412,toma @bancodobrazilll fica calado
2025-03-26T03:35:35.944508,summit1g,dravenously,!server
2025-03-26T03:35:36.029828,loltyler1,musclemiketft,end the game dude
2025-03-26T03:35:36.801897,nl_kripp,hb3243,!love
2025-03-26T03:35:37.033136,nl_kripp,streamlabs,There's 86% love between Kripp and hb3243 today KappaPride Clap
2025-03-26T03:35:37.118447,forsen,onyx__rose,18mill  AYAYA AYAYA AYAYA AYAYA AYAYA AYAYA AYAYA nyanPls AYAYA nyanPls AYAYA AYAYA AYAYA AYAYA AYAYA AYAYA AYAYA AYAYA AYAYA nyanPls AYAYA AYAYA AYAYA AYAYA AYAYA AYAYA AYAYA AYAYA AYAYA AYAYA nyanPls AYAYA
2025-03-26T03:35:37.118582,jukes,andrelasnor,APOSTA
2025-03-26T03:35:37.316638,skipnho,bellinighost,poe !filme moderaÃ§Ã£o :(
2025-03-26T03:35:37.423019,boxbox,weeblordprime,Doesnt look like it
2025-03-26T03:35:37.508206,forsen,tricklord,NaM NaM NaM NaM NaM NaM NaM NaM NaM NaM NaM NaM
2025-03-26T03:35:37.508301,rakin,yagokaz,"Meu carro, meuu carrinhooo"
2025-03-26T03:35:37.955076,skipnho,luizfeiipee,ai e foda
2025-03-26T03:35:38.052140,nl_kripp,alyk999,I cant wait for matchbox and marbles to get taken out back these items piss me off so much
2025-03-26T03:35:38.137407,boxbox,viiviiiviv,do you think that forcing techie will be a viable strategy at least under diamond?
2025-03-26T03:35:38.222703,skipnho,r4m4n0,ga ga go
2025-03-26T03:35:38.222893,forsen,onyx__rose,18mill AYAYA AYAYA AYAYA AYAYA AYAYA AYAYA AYAYA nyanPls AYAYA nyanPls AYAYA AYAYA AYAYA AYAYA AYAYA AYAYA AYAYA AYAYA AYAYA nyanPls AYAYA AYAYA AYAYA AYAYA AYAYA AYAYA AYAYA AYAYA AYAYA AYAYA nyanPls AYAYA
2025-03-26T03:35:38.587945,jukes,matheusmaconhaxd,VICVIADO
2025-03-26T03:35:38.673286,boxbox,malkh_x,it didnt
2025-03-26T03:35:38.758441,myth,eopath,"@therealdeemz, he been practicing off stream for a week"
2025-03-26T03:35:39.038322,jukes,xun1n,@jukes the money men megaways adulto BloodTrail
2025-03-26T03:35:39.133230,shroud,defaultness_,niceee shots
2025-03-26T03:35:39.289166,forsen,onyx__rose,18mill  AYAYA AYAYA AYAYA AYAYA AYAYA AYAYA AYAYA nyanPls AYAYA nyanPls AYAYA AYAYA AYAYA AYAYA AYAYA AYAYA AYAYA AYAYA AYAYA nyanPls AYAYA AYAYA AYAYA AYAYA AYAYA AYAYA AYAYA AYAYA AYAYA AYAYA nyanPls AYAYA
2025-03-26T03:35:39.393070,grimmmz,jpimp1988,lol
2025-03-26T03:35:39.505864,forsen,tricklord,NaM NaM NaM NaM NaM NaM NaM NaM NaM NaM NaM NaM .
2025-03-26T03:35:39.591030,nl_kripp,brownymaster,what was the point of skipping the reward
2025-03-26T03:35:39.676337,summit1g,uenvy_,D:
2025-03-26T03:35:39.761620,lilypichu,thesvpanda,Sadge
2025-03-26T03:35:39.846988,shroud,xainagon,"@teeeeaaaaaa mate Iâ€™m just saying itâ€™s pre common knowledge GM and above, Iâ€™m Celestial on console where GM isnâ€™t the middle rank unlike PC"
2025-03-26T03:35:39.932116,shroud,fossabot,Socials: twitter.com/Shroud | youtube.com/shroud | reddit.com/r/Shroud/ | instagram.com/shroud
2025-03-26T03:35:39.932252,summit1g,jsgigax,"s85 has gotten better, but mosin still better"
2025-03-26T03:35:40.064387,boxbox,twiceowo,@WilloWisps03 Kissahomie
2025-03-26T03:35:40.197961,summit1g,jstankk,no
2025-03-26T03:35:40.291000,shroud,fossabot,"@xainagon He's Eternity - One Above All - on his main, GM II on his alt. angy"
2025-03-26T03:35:40.443545,forsen,onyx__rose,18mill AYAYA AYAYA AYAYA AYAYA AYAYA AYAYA AYAYA nyanPls AYAYA nyanPls AYAYA AYAYA AYAYA AYAYA AYAYA AYAYA AYAYA AYAYA AYAYA nyanPls AYAYA AYAYA AYAYA AYAYA AYAYA AYAYA AYAYA AYAYA AYAYA AYAYA nyanPls AYAYA
2025-03-26T03:35:41.036338,boxbox,perfectqube,yes
2025-03-26T03:35:41.242378,forsen,tricklord,NaM NaM NaM NaM NaM NaM NaM NaM NaM NaM NaM NaM
2025-03-26T03:35:41.327530,myth,imbecay,@therealdeemz people like you are poison to humanity
2025-03-26T03:35:41.412765,xqc,1f47a,AA
2025-03-26T03:35:41.537278,forsen,onyx__rose,18mill  AYAYA AYAYA AYAYA AYAYA AYAYA AYAYA AYAYA nyanPls AYAYA nyanPls AYAYA AYAYA AYAYA AYAYA AYAYA AYAYA AYAYA AYAYA AYAYA nyanPls AYAYA AYAYA AYAYA AYAYA AYAYA AYAYA AYAYA AYAYA AYAYA AYAYA nyanPls AYAYA
2025-03-26T03:35:41.622540,rubius,xpipe_24,Gayge ðŸ‘‡ðŸ»
2025-03-26T03:35:42.086634,summit1g,mogstreet,Pog deadside
2025-03-26T03:35:42.256945,jukes,ymonster69,5 spin xdx
2025-03-26T03:35:42.342184,summit1g,rajozo,2k concurrent players? :/
2025-03-26T03:35:42.656217,forsen,onyx__rose,18mill AYAYA AYAYA AYAYA AYAYA AYAYA AYAYA AYAYA nyanPls AYAYA nyanPls AYAYA AYAYA AYAYA AYAYA AYAYA AYAYA AYAYA AYAYA AYAYA nyanPls AYAYA AYAYA AYAYA AYAYA AYAYA AYAYA AYAYA AYAYA AYAYA AYAYA nyanPls AYAYA
2025-03-26T03:35:42.741360,grimmmz,my_only_heby,ohhhh
2025-03-26T03:35:42.890084,nl_kripp,blossom_tft,???????????????
2025-03-26T03:35:43.078294,myth,galzzy_,im dizzy ngl
2025-03-26T03:35:43.163571,forsen,tricklord,NaM NaM NaM NaM NaM NaM NaM NaM NaM NaM NaM NaM .
2025-03-26T03:35:43.248795,summit1g,btc_atom,doofus
2025-03-26T03:35:43.248924,summit1g,sikkab,D: D
2025-03-26T03:35:43.433524,lilypichu,kezia0007,jodi can kill him
2025-03-26T03:35:43.698871,nl_kripp,thejohncenarius,OFC
2025-03-26T03:35:43.784161,forsen,onyx__rose,18mill  AYAYA AYAYA AYAYA AYAYA AYAYA AYAYA AYAYA nyanPls AYAYA nyanPls AYAYA AYAYA AYAYA AYAYA AYAYA AYAYA AYAYA AYAYA AYAYA nyanPls AYAYA AYAYA AYAYA AYAYA AYAYA AYAYA AYAYA AYAYA AYAYA AYAYA nyanPls AYAYA
2025-03-26T03:35:43.869530,xqc,nawmps,"@Ekibiogamii, hope u are well"
2025-03-26T03:35:43.869687,nl_kripp,brewerhoe,Lmao
2025-03-26T03:35:43.954821,boxbox,twiceowo,@Nervah_ boxFlower
2025-03-26T03:35:44.040061,nl_kripp,amelonbaby,OFC
2025-03-26T03:35:44.325510,rakin,rhanielja,do menininho?
2025-03-26T03:35:44.841397,forsen,tricklord,NaM NaM NaM NaM NaM NaM NaM NaM NaM NaM NaM NaM
2025-03-26T03:35:44.926499,forsen,onyx__rose,18mill AYAYA AYAYA AYAYA AYAYA AYAYA AYAYA AYAYA nyanPls AYAYA nyanPls AYAYA AYAYA AYAYA AYAYA AYAYA AYAYA AYAYA AYAYA AYAYA nyanPls AYAYA AYAYA AYAYA AYAYA AYAYA AYAYA AYAYA AYAYA AYAYA AYAYA nyanPls AYAYA
2025-03-26T03:35:45.021185,nl_kripp,blossom_tft,the legend
2025-03-26T03:35:45.235508,jukes,jon1tas,TOMA
2025-03-26T03:35:45.347670,xqc,wizwot,hamzy ekibi nawmp dex rage peeter_69 1f47a i got new cs knife EZ
2025-03-26T03:35:45.509553,myth,eopath,dont let him trik u
2025-03-26T03:35:45.656010,xqc,clapzygn,"@ratot, pickle â— pikol"
2025-03-26T03:35:46.005453,skipnho,allanzicaa,cara chorÃ£o do caralho
2025-03-26T03:35:46.090642,forsen,onyx__rose,18mill  AYAYA AYAYA AYAYA AYAYA AYAYA AYAYA AYAYA nyanPls AYAYA nyanPls AYAYA AYAYA AYAYA AYAYA AYAYA AYAYA AYAYA AYAYA AYAYA nyanPls AYAYA AYAYA AYAYA AYAYA AYAYA AYAYA AYAYA AYAYA AYAYA AYAYA nyanPls AYAYA
2025-03-26T03:35:46.090854,xqc,hamzasjuice,"@Ekibiogamii, c'est le moment ou tu dit et toi preLOL"
2025-03-26T03:35:46.175860,summit1g,adrian_87_,nice dayz mod SeemsGood
2025-03-26T03:35:46.396549,skipnho,scrollock0,da dÃ³ agora viu
2025-03-26T03:35:46.524537,jukes,coelhooww,xpp
2025-03-26T03:35:46.652174,forsen,tricklord,NaM NaM NaM NaM NaM NaM NaM NaM NaM NaM NaM NaM .
2025-03-26T03:35:46.737429,jukes,ymistogan,eoq
2025-03-26T03:35:46.822708,jukes,streamelements,@coelhooww xdd666
2025-03-26T03:35:46.907886,jukes,jon1tas,KKKK
2025-03-26T03:35:46.908003,nl_kripp,plaigu,STOP
2025-03-26T03:35:46.993085,nl_kripp,immortal_kaiser,OFC
2025-03-26T03:35:47.108505,jukes,rrubem,kkkkkkkkkkkkkkkkkk
2025-03-26T03:35:47.193680,skipnho,allanzicaa,kkkkkkkkkkkkkkkkk
2025-03-26T03:35:47.193828,shroud,bradock__,"why this game seems so easy, compared to ow2 and paladins?"
2025-03-26T03:35:47.193945,forsen,onyx__rose,18mill AYAYA AYAYA AYAYA AYAYA AYAYA AYAYA AYAYA nyanPls AYAYA nyanPls AYAYA AYAYA AYAYA AYAYA AYAYA AYAYA AYAYA AYAYA AYAYA nyanPls AYAYA AYAYA AYAYA AYAYA AYAYA AYAYA AYAYA AYAYA AYAYA AYAYA nyanPls AYAYA
2025-03-26T03:35:47.278903,jukes,ldodgekingl,????
2025-03-26T03:35:47.467106,skipnho,ayattolive,meu xis bacun
2025-03-26T03:35:47.700620,jukes,mrblanes,perder spin nao muda nada
2025-03-26T03:35:47.793767,jukes,andrelasnor,VIU
2025-03-26T03:35:48.062608,boxbox,yahaz,it only procd on the big zac
2025-03-26T03:35:48.147745,jukes,ymonster69,IH
2025-03-26T03:35:48.147907,jukes,marcinhodocrazy,KKKKKKKKKKKKKKK
2025-03-26T03:35:48.232977,jukes,padmaxx,K
2025-03-26T03:35:48.233128,boxbox,perfectqube,it also works with cloak
2025-03-26T03:35:48.318178,forsen,onyx__rose,18mill  AYAYA AYAYA AYAYA AYAYA AYAYA AYAYA AYAYA nyanPls AYAYA nyanPls AYAYA AYAYA AYAYA AYAYA AYAYA AYAYA AYAYA AYAYA AYAYA nyanPls AYAYA AYAYA AYAYA AYAYA AYAYA AYAYA AYAYA AYAYA AYAYA AYAYA nyanPls AYAYA
2025-03-26T03:35:48.403416,forsen,tricklord,NaM NaM NaM NaM NaM NaM NaM NaM NaM NaM NaM NaM
2025-03-26T03:35:48.515837,jukes,fluc45,kkkkkkkkkkkkkkkkkkkkkkkkkkkkkkk
2025-03-26T03:35:48.791392,jukes,astoriius,KKKKKKKKKK
2025-03-26T03:35:48.876549,skipnho,suzuey,@carlosduu nefarios
2025-03-26T03:35:48.962360,nl_kripp,beauchboy,kev never stops
2025-03-26T03:35:49.106997,skipnho,ahniuqit,SSSsssplode
2025-03-26T03:35:49.199849,jukes,ymonster69,E AGORA
2025-03-26T03:35:49.291095,jukes,jigsam__,?
2025-03-26T03:35:49.376284,xqc,dex_malorian,omg these bot spammers are so fucking annoying TWEAK
2025-03-26T03:35:49.461464,forsen,onyx__rose,18mill AYAYA AYAYA AYAYA AYAYA AYAYA AYAYA AYAYA nyanPls AYAYA nyanPls AYAYA AYAYA AYAYA AYAYA AYAYA AYAYA AYAYA AYAYA AYAYA nyanPls AYAYA AYAYA AYAYA AYAYA AYAYA AYAYA AYAYA AYAYA AYAYA AYAYA nyanPls AYAYA
2025-03-26T03:35:49.461582,jukes,filipee_1,iai dog
2025-03-26T03:35:49.594178,jukes,ymistogan,kkkkkkkkkkkkkkkkkkkkkkkkk
2025-03-26T03:35:49.679362,summit1g,frettin_fps,man safe zones AND traders? this looked really good RIP o7
2025-03-26T03:35:50.060743,jukes,rrubem,KKKKKKKKKKKKKKKKKKKKKKKKKK
2025-03-26T03:35:50.244562,forsen,tricklord,NaM NaM NaM NaM NaM NaM NaM NaM NaM NaM NaM NaM .
2025-03-26T03:35:50.339220,skipnho,pedrinho_justiceiro,vai morre com fome kkkk
2025-03-26T03:35:50.501459,forsen,onyx__rose,18mill  AYAYA AYAYA AYAYA AYAYA AYAYA AYAYA AYAYA nyanPls AYAYA nyanPls AYAYA AYAYA AYAYA AYAYA AYAYA AYAYA AYAYA AYAYA AYAYA nyanPls AYAYA AYAYA AYAYA AYAYA AYAYA AYAYA AYAYA AYAYA AYAYA AYAYA nyanPls AYAYA
2025-03-26T03:35:50.586661,jukes,herczoom,aÃ­ seus desgraÃ§ado kkkkkk
2025-03-26T03:35:50.586869,summit1g,eventhorizon___,Facts
2025-03-26T03:35:50.587041,skipnho,sucoghanmie,Vai perdoando
2025-03-26T03:35:50.587196,skipnho,barbosa602,onde vejo os vods
2025-03-26T03:35:50.671985,lilypichu,b4history1,sayuRun
2025-03-26T03:35:50.757316,nl_kripp,sweetdude_,OFC
2025-03-26T03:35:50.757477,boxbox,lunamoon1235,i think no
2025-03-26T03:35:50.757623,jukes,icaro415,calado?
2025-03-26T03:35:50.757768,jukes,rhoberrt,Pog
2025-03-26T03:35:50.842568,boxbox,cupidstunt2,it didnt look like during thatt fight
2025-03-26T03:35:50.842721,jukes,jon1tas,KKKKKKKKKKKKKKKKK
2025-03-26T03:35:50.928726,jukes,lonelybr,toma jack
2025-03-26T03:35:51.103350,jukes,delpiero_,xdd
2025-03-26T03:35:51.188561,jukes,trallok,kkkk
2025-03-26T03:35:51.273716,jukes,caburez,kkkkkkkkkkkkk
2025-03-26T03:35:51.358901,jukes,streamelements,@delpiero_ xddetained
2025-03-26T03:35:51.497874,summit1g,ausden,KEKW
2025-03-26T03:35:51.588877,nl_kripp,jakedajuggler,apparently not
2025-03-26T03:35:51.674090,forsen,onyx__rose,18mill AYAYA AYAYA AYAYA AYAYA AYAYA AYAYA AYAYA nyanPls AYAYA nyanPls AYAYA AYAYA AYAYA AYAYA AYAYA AYAYA AYAYA AYAYA AYAYA nyanPls AYAYA AYAYA AYAYA AYAYA AYAYA AYAYA AYAYA AYAYA AYAYA AYAYA nyanPls AYAYA
2025-03-26T03:35:51.801226,jukes,lubskat2,AIBSBUSGUSIGGSVUSGYSVIHIHSS
2025-03-26T03:35:51.886558,jukes,icaro415,KKKKKKKKKK
2025-03-26T03:35:51.886712,forsen,tricklord,NaM NaM NaM NaM NaM NaM NaM NaM NaM NaM NaM NaM
2025-03-26T03:35:52.015837,jukes,ymonster69,???
2025-03-26T03:35:52.181669,nl_kripp,pillthebomb,regen sign? LULE
2025-03-26T03:35:52.266849,myth,tsm_ad0pted,ome18
2025-03-26T03:35:52.678614,jukes,vitorojuara,foi god n?
2025-03-26T03:35:52.763879,loltyler1,fuzzyvuzey,ye dude end the game
2025-03-26T03:35:52.764113,forsen,onyx__rose,18mill  AYAYA AYAYA AYAYA AYAYA AYAYA AYAYA AYAYA nyanPls AYAYA nyanPls AYAYA AYAYA AYAYA AYAYA AYAYA AYAYA AYAYA AYAYA AYAYA nyanPls AYAYA AYAYA AYAYA AYAYA AYAYA AYAYA AYAYA AYAYA AYAYA AYAYA nyanPls AYAYA
2025-03-26T03:35:53.020906,jukes,ldodgekingl,MANDA MB AI DOG
2025-03-26T03:35:53.300479,xqc,ratot,clapzyGN pickle â— pikol
2025-03-26T03:35:53.717376,forsen,tricklord,NaM NaM NaM NaM NaM NaM NaM NaM NaM NaM NaM NaM .
2025-03-26T03:35:53.802681,summit1g,roguejeezy,LOL
2025-03-26T03:35:53.887919,myth,tsm_ad0pted,ome18
2025-03-26T03:35:54.061519,jukes,grego_21_,??? fala mb dog
2025-03-26T03:35:54.172825,skipnho,aiori__,f x bacon
2025-03-26T03:35:54.257962,forsen,onyx__rose,18mill AYAYA AYAYA AYAYA AYAYA AYAYA AYAYA AYAYA nyanPls AYAYA nyanPls AYAYA AYAYA AYAYA AYAYA AYAYA AYAYA AYAYA AYAYA AYAYA nyanPls AYAYA AYAYA AYAYA AYAYA AYAYA AYAYA AYAYA AYAYA AYAYA AYAYA nyanPls AYAYA
2025-03-26T03:35:54.258126,jukes,ymonster69,fala agora
2025-03-26T03:35:54.343183,summit1g,aseawolf,D:
2025-03-26T03:35:54.428410,xqc,1f47a,@wizWOT GIGACHAD
2025-03-26T03:35:54.428550,skipnho,savenx,agora imagina o sofrimento do cara
2025-03-26T03:35:54.859762,skipnho,matheusxpj,que do
2025-03-26T03:35:55.071074,jukes,icaro415,KKKKKKKKKKK fico de xereca
2025-03-26T03:35:55.156188,gaules,rowzigrus,!socio
2025-03-26T03:35:55.283802,forsen,onyx__rose,18mill  AYAYA AYAYA AYAYA AYAYA AYAYA AYAYA AYAYA nyanPls AYAYA nyanPls AYAYA AYAYA AYAYA AYAYA AYAYA AYAYA AYAYA AYAYA AYAYA nyanPls AYAYA AYAYA AYAYA AYAYA AYAYA AYAYA AYAYA AYAYA AYAYA AYAYA nyanPls AYAYA
2025-03-26T03:35:55.369067,summit1g,whyiskanyewest,sumSmash
2025-03-26T03:35:55.369297,nl_kripp,supergazman,no respect on open sign
2025-03-26T03:35:55.369416,jukes,fluc45,to vendo
2025-03-26T03:35:55.369529,forsen,tricklord,NaM NaM NaM NaM NaM NaM NaM NaM NaM NaM NaM NaM
2025-03-26T03:35:55.454163,gaules,gaules,"@Rowzigrus https://www.g3x.gg -> Se torne SÃ³cio Fundador do G3X, participe da criaÃ§Ã£o do Centro de Treinamento do nosso time e garanta seu kit exclusivo! gaulesG3xFC"
2025-03-26T03:35:55.664644,gaules,gaules,"ATÃ‰ 60% OFF, Ã‰ FESTIVAL DE OFERTAS NO KABUM: http://kb1.me/gaufestivaldeofertas"
2025-03-26T03:35:55.781319,jukes,jon1tas,TIOMAA
2025-03-26T03:35:55.869904,skipnho,rezeile_zika,@bancodobrazilll bota uma foto no perfil vc sÃ³ Ã© racista assim na net
2025-03-26T03:35:56.025637,boxbox,rudymtz7,it worked with spark so i guess
2025-03-26T03:35:56.190247,jukes,aliseux,hmmmm
2025-03-26T03:35:56.275452,summit1g,shane7,he just wants you to have fun ahha cool guy
2025-03-26T03:35:56.413236,forsen,onyx__rose,18mill AYAYA AYAYA AYAYA AYAYA AYAYA AYAYA AYAYA nyanPls AYAYA nyanPls AYAYA AYAYA AYAYA AYAYA AYAYA AYAYA AYAYA AYAYA AYAYA nyanPls AYAYA AYAYA AYAYA AYAYA AYAYA AYAYA AYAYA AYAYA AYAYA AYAYA nyanPls AYAYA
2025-03-26T03:35:56.498417,skipnho,savenx,q ta possuido
2025-03-26T03:35:56.699041,loltyler1,fuzzyvuzey,boo
2025-03-26T03:35:56.784325,jukes,bachiooo,KKKKKKKKKKKK
2025-03-26T03:35:56.869542,summit1g,ageezy209x,KEKW
2025-03-26T03:35:57.004140,boxbox,jerkreb,donâ€™t think he does
2025-03-26T03:35:57.089366,skipnho,raidero_101,F
2025-03-26T03:35:57.223160,xqc,ekibiogamii,hamza what about you Olrite
2025-03-26T03:35:57.308367,forsen,tricklord,NaM NaM NaM NaM NaM NaM NaM NaM NaM NaM NaM NaM .
2025-03-26T03:35:57.308521,summit1g,klaploop,is this like an open world tarkov?
2025-03-26T03:35:57.481675,skipnho,seyd,!filme
2025-03-26T03:35:58.527753,grimmmz,fahntastique,I knew i!
2025-03-26T03:35:58.612970,skipnho,w4llkerr,@barbosa602
2025-03-26T03:35:58.705866,jukes,filipee_1,fala mb
2025-03-26T03:35:58.898171,forsen,tricklord,NaM NaM NaM NaM NaM NaM NaM NaM NaM NaM NaM NaM
2025-03-26T03:35:58.983324,summit1g,stickerzbomb,is this pvp?
2025-03-26T03:35:59.217900,boxbox,boxboxbot,"Quotes:  Eventually, they  all come  crawling back."
2025-03-26T03:35:59.303043,loltyler1,musclemiketft,omg end the game lmfao
2025-03-26T03:35:59.388207,myth,tsm_ad0pted,lol
2025-03-26T03:35:59.473420,boxbox,plmarlowe,How are you feeling Mr. Box?
2025-03-26T03:35:59.558538,jukes,rhoberrt,shdd jukera
2025-03-26T03:35:59.890855,jukes,andrelasnor,Ficou caladinho agora kkk
2025-03-26T03:35:59.987210,xqc,wizwot,want to see
2025-03-26T03:36:00.262912,shroud,rwcookie,@froggy_so_fresh being in silver
2025-03-26T03:36:00.348006,lilypichu,oneforgetfulgamer,that was a REALLY good hit though
2025-03-26T03:36:00.433171,jukes,parahibano,muito arriscado n compensa pqp
2025-03-26T03:36:00.663325,forsen,tricklord,NaM NaM NaM NaM NaM NaM NaM NaM NaM NaM NaM NaM .
2025-03-26T03:36:01.251132,skipnho,rydanzin,Argentina Ã© isso
2025-03-26T03:36:01.336211,skipnho,w4llkerr,na kick
2025-03-26T03:36:01.487262,summit1g,zoo_bat,KEKW
2025-03-26T03:36:01.572412,skipnho,dexterdarkness,NotLikeThis
2025-03-26T03:36:01.657627,jukes,grego_21_,fala mb dog
2025-03-26T03:36:01.797320,summit1g,riverjim69,flabbergasted
2025-03-26T03:36:02.014574,skipnho,r4m4n0,FallCry
2025-03-26T03:36:02.099813,nl_kripp,advance_1,GIGACHAD
2025-03-26T03:36:02.100014,jukes,icaro415,Tomou le?
2025-03-26T03:36:02.184911,loltyler1,green_aries,"1k gold, regroup"
2025-03-26T03:36:02.451456,summit1g,thespinbot,yeah that shit stings a bit
2025-03-26T03:36:02.613017,skipnho,w4llkerr,live do stereo
2025-03-26T03:36:02.712939,forsen,tricklord,NaM NaM NaM NaM NaM NaM NaM NaM NaM NaM NaM NaM
2025-03-26T03:36:02.798012,xqc,ekibiogamii,I saw you got your card stolen
2025-03-26T03:36:02.911756,skipnho,bellinighost,esse cara Ã© culpado ou n? cheguei agr
2025-03-26T03:36:03.098219,loltyler1,musclemiketft,why let him rebuild ?
2025-03-26T03:36:03.206847,nl_kripp,verictorga,Nah kev is also in this pay to wi deal
2025-03-26T03:36:03.292057,skipnho,riquelme157enoissss,ChapadÃ£o
2025-03-26T03:36:03.378856,xqc,dex_malorian,wiz no
2025-03-26T03:36:03.464038,jukes,pafon22,xdd
2025-03-26T03:36:03.549284,skipnho,narutobrbr,FRAGMENTADO @SkipNhO  ESSE FILME Ã‰ BRABO
2025-03-26T03:36:03.676914,jukes,streamelements,@Pafon22 xddez
2025-03-26T03:36:03.762277,skipnho,carantino,@Savenx pprt
2025-03-26T03:36:03.871083,skipnho,vitutastys3x,AGORA O DEMONIO DEIXA ELE SE FUDER SOZINHO
2025-03-26T03:36:03.956297,summit1g,mstardis_,@Binodynamic Going Rogue was the best things in Div 1
2025-03-26T03:36:04.041545,summit1g,apexgreatness,it has pvp and pve servers and yes it has traders plus AI which are who they are shooting now cause they are doing a mission for better loot
2025-03-26T03:36:04.126852,shroud,opaquematter,@Froggy_so_fresh so hard to kill lmao. probably just salty :P
2025-03-26T03:36:04.212039,myth,therealdeemz,@imbecay I cant do this anymore om im trolling bruh im a mental health worker
2025-03-26T03:36:04.297288,jukes,willianalencar,FALA MB
2025-03-26T03:36:04.297445,xqc,ekibiogamii,LOL
2025-03-26T03:36:04.382487,skipnho,011rafa,que filme Ã© esse o nome
2025-03-26T03:36:04.382642,jukes,kardia011,printou
2025-03-26T03:36:04.473984,forsen,tricklord,NaM NaM NaM NaM NaM NaM NaM NaM NaM NaM NaM NaM .
2025-03-26T03:36:04.585208,summit1g,sicilianmonkey,someone had to break the ice
2025-03-26T03:36:04.699211,loltyler1,excellentsense,back in the days
2025-03-26T03:36:04.956096,jukes,frosgue,ator
2025-03-26T03:36:05.041322,boxbox,twiceowo,@RudyMtz7 boxFlower
2025-03-26T03:36:05.126555,forsen,thraankez,$gpt when ends Ramadan
2025-03-26T03:36:05.126727,grimmmz,choupetto,ghaddySus jazzywSUS
2025-03-26T03:36:05.211843,loltyler1,brenjamen,he's literally not in thegame
2025-03-26T03:36:05.686903,jukes,pablolinkg,kkkkkkkkkkkkkkk
2025-03-26T03:36:05.772004,summit1g,arctic_jdm,He's been wanted to be called doofus by summit for his life and he's now done it Stronge
2025-03-26T03:36:05.875575,skipnho,lightsaulo,coitado
2025-03-26T03:36:06.088523,skipnho,gvmaarques,pesado
2025-03-26T03:36:06.173751,forsen,tricklord,NaM NaM NaM NaM NaM NaM NaM NaM NaM NaM NaM NaM
2025-03-26T03:36:06.259058,skipnho,seyd,!stereonline
2025-03-26T03:36:06.344322,xqc,hamzasjuice,@Ekibiogamii im dogshit LOL
2025-03-26T03:36:06.476908,skipnho,streamelements,"Galera rachadinha do chat 20% dos criar sem enganaÃ§Ã£o --- https://kick.com/stereonline  --- Tem que clicar na live dele , fazer a conta na KICK, clicar na live dele seguir assistindo ai vc decide assistir la ou aqui + deixa lÃ¡ aberto.... Todo dia um dia apos o outro vai ter a rachadinha pro chat."
2025-03-26T03:36:06.562113,jukes,filipee_1,fala mb jukera
2025-03-26T03:36:06.760727,myth,tsm_ad0pted,mythJam2 mythJam2
2025-03-26T03:36:06.845835,skipnho,ayattolive,F 7 x bacons
2025-03-26T03:36:06.931047,xqc,wizwot,wait
2025-03-26T03:36:07.133637,lilypichu,liquidfinal,LULW
2025-03-26T03:36:07.731822,summit1g,izahkiel,KEKW
2025-03-26T03:36:07.874479,forsen,supibot,"thraankez, ðŸ¤– Ramadan ends with the sighting of the nó €€ew mó €€oon, which mó €€arks the beginning of Eid al-Fitr. Ió €€n 2ó €€024, Ramadan is eó €€xpected tó €€o eó €€nd around the eó €€vening of Aó €€pril 1ó €€0, with Eid al-Fitr likely on Aó €€pril 11, though this mó €€ay vó €€ary by location."
2025-03-26T03:36:07.959671,forsen,tricklord,NaM NaM NaM NaM NaM NaM NaM NaM NaM NaM NaM NaM .
2025-03-26T03:36:07.959944,forsen,onyx__rose,18mill  AYAYA AYAYA AYAYA AYAYA AYAYA AYAYA AYAYA nyanPls AYAYA nyanPls AYAYA AYAYA AYAYA AYAYA AYAYA AYAYA AYAYA AYAYA AYAYA nyanPls AYAYA AYAYA AYAYA AYAYA AYAYA AYAYA AYAYA AYAYA AYAYA AYAYA nyanPls AYAYA
2025-03-26T03:36:08.044965,jukes,fluc45,jukes sua cam travou kkkkkkkkkkkkkkkkkk
2025-03-26T03:36:08.045134,rakin,cego1,sentir emoÃ§Ã£o por robo Ã© o fim
2025-03-26T03:36:08.130127,xqc,wizwot,look
2025-03-26T03:36:08.478694,loltyler1,bxrg,just end game brother?
2025-03-26T03:36:08.563827,boxbox,irony_owo,it doesnt proc
2025-03-26T03:36:08.563987,rakin,rhanielja,triste ta
2025-03-26T03:36:08.921917,grimmmz,le_ipwn,grimDS grimDS grimDS grimDS grimDS grimDS
2025-03-26T03:36:09.132615,boxbox,boxboxbot,No one answered correctly.
2025-03-26T03:36:09.217763,summit1g,aseawolf,Bald1G
2025-03-26T03:36:09.218029,forsen,onyx__rose,18mill AYAYA AYAYA AYAYA AYAYA AYAYA AYAYA AYAYA nyanPls AYAYA nyanPls AYAYA AYAYA AYAYA AYAYA AYAYA AYAYA AYAYA AYAYA AYAYA nyanPls AYAYA AYAYA AYAYA AYAYA AYAYA AYAYA AYAYA AYAYA AYAYA AYAYA nyanPls AYAYA
2025-03-26T03:36:09.575145,forsen,tricklord,NaM NaM NaM NaM NaM NaM NaM NaM NaM NaM NaM NaM
2025-03-26T03:36:09.782430,skipnho,matheusxpj,@Seyd ?
2025-03-26T03:36:09.952624,loltyler1,sonoflight,where are your raiders
2025-03-26T03:36:10.037941,lilypichu,absurdasparagus,she doesnt need toi disengage
2025-03-26T03:36:10.308705,forsen,onyx__rose,18mill  AYAYA AYAYA AYAYA AYAYA AYAYA AYAYA AYAYA nyanPls AYAYA nyanPls AYAYA AYAYA AYAYA AYAYA AYAYA AYAYA AYAYA AYAYA AYAYA nyanPls AYAYA AYAYA AYAYA AYAYA AYAYA AYAYA AYAYA AYAYA AYAYA AYAYA nyanPls AYAYA
2025-03-26T03:36:10.393946,jukes,andrelasnor,fala mb
2025-03-26T03:36:10.479142,shroud,chrissy111231,W ults
2025-03-26T03:36:11.308680,jukes,kn0ttsss,DinoDance DinoDance DinoDance DinoDance
2025-03-26T03:36:11.435383,forsen,onyx__rose,18mill AYAYA AYAYA AYAYA AYAYA AYAYA AYAYA AYAYA nyanPls AYAYA nyanPls AYAYA AYAYA AYAYA AYAYA AYAYA AYAYA AYAYA AYAYA AYAYA nyanPls AYAYA AYAYA AYAYA AYAYA AYAYA AYAYA AYAYA AYAYA AYAYA AYAYA nyanPls AYAYA
2025-03-26T03:36:11.520562,forsen,tricklord,NaM NaM NaM NaM NaM NaM NaM NaM NaM NaM NaM NaM .
2025-03-26T03:36:12.140804,lilypichu,natewooo,she doesnt need to disengage just needs to dash away
2025-03-26T03:36:12.525613,forsen,onyx__rose,18mill  AYAYA AYAYA AYAYA AYAYA AYAYA AYAYA AYAYA nyanPls AYAYA nyanPls AYAYA AYAYA AYAYA AYAYA AYAYA AYAYA AYAYA AYAYA AYAYA nyanPls AYAYA AYAYA AYAYA AYAYA AYAYA AYAYA AYAYA AYAYA AYAYA AYAYA nyanPls AYAYA
2025-03-26T03:36:13.025566,grimmmz,bruiserwoods,@my_only_heby dizzyHey
2025-03-26T03:36:13.110718,jukes,masterwylson,ele ate travou depois disso
2025-03-26T03:36:13.195881,forsen,tricklord,NaM NaM NaM NaM NaM NaM NaM NaM NaM NaM NaM NaM
2025-03-26T03:36:13.281075,forsen,hucorp,Nam
2025-03-26T03:36:13.658825,forsen,onyx__rose,18mill AYAYA AYAYA AYAYA AYAYA AYAYA AYAYA AYAYA nyanPls AYAYA nyanPls AYAYA AYAYA AYAYA AYAYA AYAYA AYAYA AYAYA AYAYA AYAYA nyanPls AYAYA AYAYA AYAYA AYAYA AYAYA AYAYA AYAYA AYAYA AYAYA AYAYA nyanPls AYAYA
2025-03-26T03:36:13.743967,myth,imbecay,@therealdeemz insane take especially in regard to someone youve paid 135$ to
2025-03-26T03:36:14.244376,summit1g,blanqzz_,what is the point of this game. is it like tarkov?
2025-03-26T03:36:14.763561,forsen,onyx__rose,18mill  AYAYA AYAYA AYAYA AYAYA AYAYA AYAYA AYAYA nyanPls AYAYA nyanPls AYAYA AYAYA AYAYA AYAYA AYAYA AYAYA AYAYA AYAYA AYAYA nyanPls AYAYA AYAYA AYAYA AYAYA AYAYA AYAYA AYAYA AYAYA AYAYA AYAYA nyanPls AYAYA
2025-03-26T03:36:14.848648,shroud,loki57_,@Bradock__ because it's an easy game shrujj
2025-03-26T03:36:14.933820,shroud,opaquematter,@rwcookie true
2025-03-26T03:36:15.022287,forsen,tricklord,NaM NaM NaM NaM NaM NaM NaM NaM NaM NaM NaM NaM .
2025-03-26T03:36:15.244875,jukes,icaro415,Fico mt de xereca
2025-03-26T03:36:15.401350,boxbox,catsindisguise,Sure
2025-03-26T03:36:15.543068,forsen,hucorp,NAM
2025-03-26T03:36:15.690050,myth,zigazag79,Cinema
2025-03-26T03:36:15.775219,skipnho,savenx,esse mlk possuido deve ta sofrendo dms
2025-03-26T03:36:15.868130,forsen,onyx__rose,18mill AYAYA AYAYA AYAYA AYAYA AYAYA AYAYA AYAYA nyanPls AYAYA nyanPls AYAYA AYAYA AYAYA AYAYA AYAYA AYAYA AYAYA AYAYA AYAYA nyanPls AYAYA AYAYA AYAYA AYAYA AYAYA AYAYA AYAYA AYAYA AYAYA AYAYA nyanPls AYAYA
2025-03-26T03:36:15.953228,myth,trizket,Cinema incoming ?
2025-03-26T03:36:16.065393,loltyler1,napkins_ok,are w3 games usually this long?
2025-03-26T03:36:16.265194,myth,brialaxy,mythJAM
2025-03-26T03:36:16.535099,jukes,aliseux,kkkkkkkkkkkkkkkkkkkkk
2025-03-26T03:36:16.839407,forsen,tricklord,NaM NaM NaM NaM NaM NaM NaM NaM NaM NaM NaM NaM
2025-03-26T03:36:16.977078,forsen,onyx__rose,18mill  AYAYA AYAYA AYAYA AYAYA AYAYA AYAYA AYAYA nyanPls AYAYA nyanPls AYAYA AYAYA AYAYA AYAYA AYAYA AYAYA AYAYA AYAYA AYAYA nyanPls AYAYA AYAYA AYAYA AYAYA AYAYA AYAYA AYAYA AYAYA AYAYA AYAYA nyanPls AYAYA
2025-03-26T03:36:17.062323,jukes,rhoberrt,shdd jukera shdd jukera shdd jukera shdd
2025-03-26T03:36:17.228737,xqc,ekibiogamii,beAlright
2025-03-26T03:36:17.542329,summit1g,chrisbedan_,@Arctic_JDM KEKW
2025-03-26T03:36:18.012683,xqc,hamzasjuice,"@Ekibiogamii, yeah i got a free trial on some shit site"
2025-03-26T03:36:18.124278,forsen,onyx__rose,18mill AYAYA AYAYA AYAYA AYAYA AYAYA AYAYA AYAYA nyanPls AYAYA nyanPls AYAYA AYAYA AYAYA AYAYA AYAYA AYAYA AYAYA AYAYA AYAYA nyanPls AYAYA AYAYA AYAYA AYAYA AYAYA AYAYA AYAYA AYAYA AYAYA AYAYA nyanPls AYAYA
2025-03-26T03:36:18.209428,jukes,murillopent,travo aqui travo aÃ­?
2025-03-26T03:36:18.294673,skipnho,streamelements,- https://www.youtube.com/@SkipNhO/shorts -- https://www.tiktok.com/@skipnhotv -- https://www.instagram.com/skipnhotv/ -  SÃ³ clicar e seguir as 3 na humilda.
2025-03-26T03:36:18.294911,summit1g,the_joeggernaut_,anybody in chat play this on console? any good?
2025-03-26T03:36:18.295052,jukes,operario_1,Esse jogo parece ser meio merda
2025-03-26T03:36:18.542943,jukes,andrelasnor,xdd
2025-03-26T03:36:18.809928,jukes,streamelements,@andrelasnor xddtime
2025-03-26T03:36:18.895016,forsen,tricklord,NaM NaM NaM NaM NaM NaM NaM NaM NaM NaM NaM NaM .
2025-03-26T03:36:18.980249,jukes,iidannety,"@jukes big banker Jukera por favor, tem crianÃ§a chorando"
2025-03-26T03:36:19.232976,forsen,onyx__rose,18mill  AYAYA AYAYA AYAYA AYAYA AYAYA AYAYA AYAYA nyanPls AYAYA nyanPls AYAYA AYAYA AYAYA AYAYA AYAYA AYAYA AYAYA AYAYA AYAYA nyanPls AYAYA AYAYA AYAYA AYAYA AYAYA AYAYA AYAYA AYAYA AYAYA AYAYA nyanPls AYAYA
2025-03-26T03:36:19.332636,lirik,johantheolive,CleaN
2025-03-26T03:36:19.457144,boxbox,deaid0ugh,good enough to do a cartwheel?
2025-03-26T03:36:19.542327,boxbox,caneriknoan,even in diamond you can force comp
2025-03-26T03:36:19.542488,loltyler1,musclemiketft,dispel images and end the game
2025-03-26T03:36:19.713954,boxbox,twiceowo,@Irony_OwO OwO
2025-03-26T03:36:19.896555,summit1g,ninetyfiveneil,Unc
2025-03-26T03:36:20.220494,xqc,dex_malorian,wiz
2025-03-26T03:36:20.305648,jukes,grego_21_,ja pagou mais esquece KKK
2025-03-26T03:36:20.390940,forsen,onyx__rose,18mill AYAYA AYAYA AYAYA AYAYA AYAYA AYAYA AYAYA nyanPls AYAYA nyanPls AYAYA AYAYA AYAYA AYAYA AYAYA AYAYA AYAYA AYAYA AYAYA nyanPls AYAYA AYAYA AYAYA AYAYA AYAYA AYAYA AYAYA AYAYA AYAYA AYAYA nyanPls AYAYA
2025-03-26T03:36:20.476152,forsen,tricklord,NaM NaM NaM NaM NaM NaM NaM NaM NaM NaM NaM NaM
2025-03-26T03:36:20.712889,lilypichu,absurdasparagus,he is running away
2025-03-26T03:36:21.219478,skipnho,lheuzinsz,sterin ta pegando a visÃ£o do filme ?
2025-03-26T03:36:21.471970,forsen,onyx__rose,18mill  AYAYA AYAYA AYAYA AYAYA AYAYA AYAYA AYAYA nyanPls AYAYA nyanPls AYAYA AYAYA AYAYA AYAYA AYAYA AYAYA AYAYA AYAYA AYAYA nyanPls AYAYA AYAYA AYAYA AYAYA AYAYA AYAYA AYAYA AYAYA AYAYA AYAYA nyanPls AYAYA
2025-03-26T03:36:21.900028,loltyler1,musclemiketft,...
2025-03-26T03:36:22.415467,summit1g,frettin_fps,@ApeXGreatness are there servers with just players?  No ai / no traders?
2025-03-26T03:36:22.608285,forsen,onyx__rose,18mill AYAYA AYAYA AYAYA AYAYA AYAYA AYAYA AYAYA nyanPls AYAYA nyanPls AYAYA AYAYA AYAYA AYAYA AYAYA AYAYA AYAYA AYAYA AYAYA nyanPls AYAYA AYAYA AYAYA AYAYA AYAYA AYAYA AYAYA AYAYA AYAYA AYAYA nyanPls AYAYA
2025-03-26T03:36:22.705529,xqc,dex_malorian,we
2025-03-26T03:36:22.950406,boxbox,jakeyjakejakerson,you look sxcy too
2025-03-26T03:36:23.455950,jukes,astoriius,agora a forra vem
2025-03-26T03:36:23.541117,xqc,supoopi,someone say hamjuicy PLEASE
2025-03-26T03:36:23.720393,forsen,onyx__rose,18mill  AYAYA AYAYA AYAYA AYAYA AYAYA AYAYA AYAYA nyanPls AYAYA nyanPls AYAYA AYAYA AYAYA AYAYA AYAYA AYAYA AYAYA AYAYA AYAYA nyanPls AYAYA AYAYA AYAYA AYAYA AYAYA AYAYA AYAYA AYAYA AYAYA AYAYA nyanPls AYAYA
2025-03-26T03:36:23.805995,skipnho,seyd,@matheusxpj ?
2025-03-26T03:36:23.806143,jukes,lubskat2,xdx
2025-03-26T03:36:23.990497,xqc,ekibiogamii,@hamzasjuice wideReacting
2025-03-26T03:36:24.373893,rakin,zeroohr,Vai rolar alguma aÃ§Ã£o agr?
2025-03-26T03:36:24.458970,rakin,rodrigueradoidera,@cego1 tu n assistiu entao kkkk
2025-03-26T03:36:24.544227,lilypichu,pedsbtw,smh QT control your man
2025-03-26T03:36:24.646945,loltyler1,hankovich12,kill those free xp with dispel
2025-03-26T03:36:24.836939,forsen,onyx__rose,18mill AYAYA AYAYA AYAYA AYAYA AYAYA AYAYA AYAYA nyanPls AYAYA nyanPls AYAYA AYAYA AYAYA AYAYA AYAYA AYAYA AYAYA AYAYA AYAYA nyanPls AYAYA AYAYA AYAYA AYAYA AYAYA AYAYA AYAYA AYAYA AYAYA AYAYA nyanPls AYAYA
2025-03-26T03:36:24.922092,grimmmz,i_doubt_on_u,@Grimmmz hello mate hoow are u?
2025-03-26T03:36:24.922285,myth,therealdeemz,generational rage bait om
2025-03-26T03:36:25.129123,loltyler1,entdays,still no army but yeah def good for space here imo
2025-03-26T03:36:25.584039,boxbox,irony_owo,owoSpin
2025-03-26T03:36:25.669308,xqc,supoopi,someone say hamjuicy PLEASE ó €€
2025-03-26T03:36:26.110101,lilypichu,rocknswell,"She doesn't need to disengage, the Mindflayer did"
2025-03-26T03:36:26.195322,boxbox,turdislszechuan,final ascension being back in the game is kinda Bedge
2025-03-26T03:36:26.195597,forsen,onyx__rose,18mill  AYAYA AYAYA AYAYA AYAYA AYAYA AYAYA AYAYA nyanPls AYAYA nyanPls AYAYA AYAYA AYAYA AYAYA AYAYA AYAYA AYAYA AYAYA AYAYA nyanPls AYAYA AYAYA AYAYA AYAYA AYAYA AYAYA AYAYA AYAYA AYAYA AYAYA nyanPls AYAYA
2025-03-26T03:36:26.280578,rakin,rhanielja,o filme Ã© de choro true
2025-03-26T03:36:26.489600,skipnho,jarbas299,qq vale entao
2025-03-26T03:36:26.574876,myth,tsm_ad0pted,mythPls mythPls
2025-03-26T03:36:26.575082,summit1g,sicilianmonkey,sexiest gun imo
2025-03-26T03:36:26.660088,summit1g,ninetyfiveneil,Ak always
2025-03-26T03:36:26.745309,shroud,aneousrex,LOL
2025-03-26T03:36:26.830490,forsen,thraankez,angrE
2025-03-26T03:36:26.915667,shroud,froggy_so_fresh,om
2025-03-26T03:36:27.341517,forsen,tricklord,NaM NaM NaM NaM NaM NaM NaM NaM NaM NaM NaM NaM .
2025-03-26T03:36:27.443581,forsen,onyx__rose,18mill AYAYA AYAYA AYAYA AYAYA AYAYA AYAYA AYAYA nyanPls AYAYA nyanPls AYAYA AYAYA AYAYA AYAYA AYAYA AYAYA AYAYA AYAYA AYAYA nyanPls AYAYA AYAYA AYAYA AYAYA AYAYA AYAYA AYAYA AYAYA AYAYA AYAYA nyanPls AYAYA
2025-03-26T03:36:27.827107,xqc,wizwot,https://kappa.lol/QFtuYM EZ hamzy ekibi nawmp dex rage peeter_69 1f47a EZ
2025-03-26T03:36:28.172716,nl_kripp,cobothegreat,Lol
2025-03-26T03:36:28.257959,lilypichu,sunburntsam0,does qt really hate luds wig?
2025-03-26T03:36:28.561078,forsen,onyx__rose,18mill  AYAYA AYAYA AYAYA AYAYA AYAYA AYAYA AYAYA nyanPls AYAYA nyanPls AYAYA AYAYA AYAYA AYAYA AYAYA AYAYA AYAYA AYAYA AYAYA nyanPls AYAYA AYAYA AYAYA AYAYA AYAYA AYAYA AYAYA AYAYA AYAYA AYAYA nyanPls AYAYA
2025-03-26T03:36:28.940350,forsen,tricklord,NaM NaM NaM NaM NaM NaM NaM NaM NaM NaM NaM NaM
2025-03-26T03:36:29.075576,myth,imbecay,@therealdeemz nah you just a narcassist
2025-03-26T03:36:29.577433,myth,zigazag79,Cinema incoming
2025-03-26T03:36:29.662622,skipnho,brazilianditto,@Seyd ?
2025-03-26T03:36:29.891819,grimmmz,my_only_heby,@bruiserwoods dizzyHey
2025-03-26T03:36:30.147637,rakin,cego1,@rodrigueradoidera logico que eu vi
2025-03-26T03:36:30.274502,summit1g,binodynamic,@mstardis_ such a great game. Div 2 was nowhere enjoyable as Div 1 was. Itâ€™s really a shame
2025-03-26T03:36:30.445157,shroud,ontexv2,@bradock__ bcs shroud is skilled
2025-03-26T03:36:30.676309,forsen,tricklord,NaM NaM NaM NaM NaM NaM NaM NaM NaM NaM NaM NaM .
2025-03-26T03:36:30.874973,lilypichu,oneforgetfulgamer,You only need to disengage when next to someone otherwise dash away and RUN for your lives :P
2025-03-26T03:36:30.960165,loltyler1,q52093850,@Napkins_ok it has been 15 minutes ???
2025-03-26T03:36:31.128184,summit1g,arctic_jdm,@ChrisBedan_ KEKW peepoHey
2025-03-26T03:36:31.213318,loltyler1,lndry1998007,@Napkins_ok depends
2025-03-26T03:36:31.653562,loltyler1,bluedustfrompluto,wait really i tought you won that so hard
2025-03-26T03:36:32.109841,loltyler1,thank_s_,does he know you can dispel mirror image or what
2025-03-26T03:36:32.201209,forsen,tricklord,NaM NaM NaM NaM NaM NaM NaM NaM NaM NaM NaM NaM
2025-03-26T03:36:32.622881,skipnho,rafaeu1,@rezeile_zika proxima ele vai de ban
2025-03-26T03:36:33.476196,myth,tsm_ad0pted,pokeScoots pokeScoots pokeScoots
2025-03-26T03:36:33.561358,boxbox,nervah_,owoSpin
2025-03-26T03:36:33.646552,forsen,undefinedd_,!ecount AYAYA
2025-03-26T03:36:33.803006,forsen,hucorp,angrE
2025-03-26T03:36:33.888177,forsen,snusbot,"AYAYA has been used 17,998,706 times."
2025-03-26T03:36:33.973371,xqc,oredokzx,CHAT HEAR A GIRL = BOOBA OR GYATT OR xqcK
2025-03-26T03:36:34.074185,forsen,tricklord,NaM NaM NaM NaM NaM NaM NaM NaM NaM NaM NaM NaM .
2025-03-26T03:36:34.344542,nl_kripp,shmagoigle,Pog 10 shielding
2025-03-26T03:36:35.254098,boxbox,r0_gue___,hope the zac blobs help you heal
2025-03-26T03:36:35.339349,summit1g,aezroe,chat is this game good or nah?
2025-03-26T03:36:35.498818,summit1g,adrian_87_,mhm ak
2025-03-26T03:36:35.627551,grimmmz,choupetto,no ccolors is a streamer
2025-03-26T03:36:35.796018,myth,identikalz,nice
2025-03-26T03:36:35.940230,nl_kripp,ramses6ray,Could've buffed matchbox too...
2025-03-26T03:36:36.025451,summit1g,cr4igtx,UMP45 makes me moist
2025-03-26T03:36:36.025579,myth,eopath,deemz u getting owned
2025-03-26T03:36:36.155028,summit1g,chadillac887,what game is this
2025-03-26T03:36:36.240193,summit1g,mogstreet,if you close up hip fir the mp
2025-03-26T03:36:36.240324,grimmmz,darkprometheus112,yeah ubisoft clapped back and then had to admit they have only sold 1 million copies and everyone else is on subscription service
2025-03-26T03:36:36.542803,xqc,dex_malorian,wiz ugly asf
2025-03-26T03:36:36.628047,xqc,1f47a,hamzy ekibi nawmp dex rage peeter_69 wizWOT I have to go poo now bye bye Damn
2025-03-26T03:36:36.628227,forsen,tricklord,NaM NaM NaM NaM NaM NaM NaM NaM NaM NaM NaM NaM
2025-03-26T03:36:36.713242,skipnho,jefinthegod,Sterin ksskskksks
2025-03-26T03:36:37.484897,loltyler1,qkirolls,"I thought that look good, didnt you kill more units"
2025-03-26T03:36:38.042934,lilypichu,mochamjolk,run till u can go back to camp and hide
2025-03-26T03:36:38.323898,skipnho,matheusxpj,@Seyd o que e !filme
2025-03-26T03:36:38.632400,summit1g,penilepayload,has he tried arma reforger yet?
2025-03-26T03:36:38.717504,forsen,tricklord,NaM NaM NaM NaM NaM NaM NaM NaM NaM NaM NaM NaM .
2025-03-26T03:36:39.236141,skipnho,jefinthegod,KAAKAKAKAKAKA
2025-03-26T03:36:39.525325,jukes,rookao,peepoAngel
2025-03-26T03:36:39.660200,summit1g,mookie1g,@SilentWisco Well mostly just being arguementive lol. mb
2025-03-26T03:36:39.745394,myth,trizket,you been watching too many YT vids on these PepeLa
2025-03-26T03:36:39.830526,xqc,dex_malorian,wiz worthless
2025-03-26T03:36:39.931597,forsen,onyx__rose,18mill AYAYA AYAYA AYAYA AYAYA AYAYA AYAYA AYAYA nyanPls AYAYA nyanPls AYAYA AYAYA AYAYA AYAYA AYAYA AYAYA AYAYA AYAYA AYAYA nyanPls AYAYA AYAYA AYAYA AYAYA AYAYA AYAYA AYAYA AYAYA AYAYA AYAYA nyanPls AYAYA
2025-03-26T03:36:40.304757,forsen,tricklord,NaM NaM NaM NaM NaM NaM NaM NaM NaM NaM NaM NaM
2025-03-26T03:36:40.857942,gaules,nirstamm,gaulesLove gaulesLove
2025-03-26T03:36:41.153914,shroud,bestparkour8,ok maybe just maybe Starlord is busted
2025-03-26T03:36:41.239100,gaules,gaules,"Todos subs ganham um capacete da Tribo ao lado do nick, 2x mais Gaupoints, nÃ£o pega ads e nÃ£o Ã© afetado pelo modo lento do chat! Vire um sub em: https://www.twitch.tv/products/gaules"
2025-03-26T03:36:41.239321,skipnho,sk8doo,Brasil deveria ter perdido de 7 dnv
2025-03-26T03:36:41.239412,forsen,onyx__rose,18mill  AYAYA AYAYA AYAYA AYAYA AYAYA AYAYA AYAYA nyanPls AYAYA nyanPls AYAYA AYAYA AYAYA AYAYA AYAYA AYAYA AYAYA AYAYA AYAYA nyanPls AYAYA AYAYA AYAYA AYAYA AYAYA AYAYA AYAYA AYAYA AYAYA AYAYA nyanPls AYAYA
2025-03-26T03:36:41.551962,grimmmz,le_ipwn,"is it true if you crawl, the enemies can't hit you?"
2025-03-26T03:36:41.637106,lilypichu,stressgamer,Is the Hubby still in Japan?
2025-03-26T03:36:41.637279,loltyler1,musclemiketft,omggggggg tyler
2025-03-26T03:36:41.722252,loltyler1,imthedaddio,He knows but forgets
2025-03-26T03:36:41.722374,jukes,joaopzera,Ã© ao contrario
2025-03-26T03:36:41.967723,xqc,dex_malorian,uglly
2025-03-26T03:36:42.179418,forsen,tricklord,NaM NaM NaM NaM NaM NaM NaM NaM NaM NaM NaM NaM .
2025-03-26T03:36:42.291730,jukes,zzfantasy_,E assim jÃ¡ vamos para 40 minutos que ele disse que ia sair
2025-03-26T03:36:42.381648,forsen,onyx__rose,18mill AYAYA AYAYA AYAYA AYAYA AYAYA AYAYA AYAYA nyanPls AYAYA nyanPls AYAYA AYAYA AYAYA AYAYA AYAYA AYAYA AYAYA AYAYA AYAYA nyanPls AYAYA AYAYA AYAYA AYAYA AYAYA AYAYA AYAYA AYAYA AYAYA AYAYA nyanPls AYAYA
2025-03-26T03:36:42.648966,myth,floppyfingers,ceezMT
2025-03-26T03:36:42.895911,myth,therealdeemz,@imbecay im fucking trolling om
2025-03-26T03:36:43.006287,rakin,rodrigueradoidera,Entao tu Ã© sociopata
2025-03-26T03:36:43.091477,xqc,wizwot,?? ó €€
2025-03-26T03:36:43.176718,xqc,fossabot,ACTION : Feel free to join my discord! https://discord.gg/xqcow (you don't have to be a sub) and follow Twitter! https://twitter.com/xQc
2025-03-26T03:36:43.486015,forsen,onyx__rose,18mill  AYAYA AYAYA AYAYA AYAYA AYAYA AYAYA AYAYA nyanPls AYAYA nyanPls AYAYA AYAYA AYAYA AYAYA AYAYA AYAYA AYAYA AYAYA AYAYA nyanPls AYAYA AYAYA AYAYA AYAYA AYAYA AYAYA AYAYA AYAYA AYAYA AYAYA nyanPls AYAYA
2025-03-26T03:36:43.607211,forsen,hucorp,Nam the weebs
2025-03-26T03:36:43.692468,forsen,thraankez,!ecount hesRight
2025-03-26T03:36:43.777703,forsen,tricklord,NaM NaM NaM NaM NaM NaM NaM NaM NaM NaM NaM NaM
2025-03-26T03:36:43.862929,skipnho,drakskol,"@Savenx e tu acha q ele era inocente, deve ter feito mt merda pra ter sido possuido"
2025-03-26T03:36:43.948068,nl_kripp,mittuot,"dang, got like 500hp from swapping in the items"
2025-03-26T03:36:43.948223,forsen,snusbot,"hesRight has been used 1,554,008 times."
2025-03-26T03:36:44.202357,shroud,zoaxe_,@Bradock__ because most heroes are op in their own way
2025-03-26T03:36:44.497345,xqc,wizwot,??
2025-03-26T03:36:44.635090,forsen,onyx__rose,18mill AYAYA AYAYA AYAYA AYAYA AYAYA AYAYA AYAYA nyanPls AYAYA nyanPls AYAYA AYAYA AYAYA AYAYA AYAYA AYAYA AYAYA AYAYA AYAYA nyanPls AYAYA AYAYA AYAYA AYAYA AYAYA AYAYA AYAYA AYAYA AYAYA AYAYA nyanPls AYAYA
2025-03-26T03:36:44.720259,xqc,dex_malorian,dogfshit
2025-03-26T03:36:44.939218,rakin,dangerrrous123,k
2025-03-26T03:36:45.184300,xqc,peeter_69,now sell it to gift hamzo a sub
2025-03-26T03:36:45.468653,summit1g,beenfrostyy,LOL
2025-03-26T03:36:45.630718,xqc,wizwot,?? ó €€
2025-03-26T03:36:45.727089,forsen,onyx__rose,18mill  AYAYA AYAYA AYAYA AYAYA AYAYA AYAYA AYAYA nyanPls AYAYA nyanPls AYAYA AYAYA AYAYA AYAYA AYAYA AYAYA AYAYA AYAYA AYAYA nyanPls AYAYA AYAYA AYAYA AYAYA AYAYA AYAYA AYAYA AYAYA AYAYA AYAYA nyanPls AYAYA
2025-03-26T03:36:45.812234,forsen,tricklord,NaM NaM NaM NaM NaM NaM NaM NaM NaM NaM NaM NaM .
2025-03-26T03:36:46.121815,myth,zigazag79,Life
2025-03-26T03:36:46.216543,loltyler1,napkins_ok,@q52093850 ig lol
2025-03-26T03:36:46.358404,jukes,andrelasnor,OLOKO
2025-03-26T03:36:46.498940,jukes,rrubem,eta
2025-03-26T03:36:46.634850,xqc,hamzasjuice,"@oredokzx, tokebeciccite"
2025-03-26T03:36:46.866304,forsen,onyx__rose,18mill AYAYA AYAYA AYAYA AYAYA AYAYA AYAYA AYAYA nyanPls AYAYA nyanPls AYAYA AYAYA AYAYA AYAYA AYAYA AYAYA AYAYA AYAYA AYAYA nyanPls AYAYA AYAYA AYAYA AYAYA AYAYA AYAYA AYAYA AYAYA AYAYA AYAYA nyanPls AYAYA
2025-03-26T03:36:47.010827,summit1g,ninetyfiveneil,AK master race
2025-03-26T03:36:47.159073,jukes,lubskat2,SÃ³ ia se os 50x viesse antes
2025-03-26T03:36:47.368636,jukes,trallok,meu deus
2025-03-26T03:36:47.464809,forsen,tricklord,NaM NaM NaM NaM NaM NaM NaM NaM NaM NaM NaM NaM
2025-03-26T03:36:47.721372,rakin,yagokaz,Obrigado seu cocÃ´
2025-03-26T03:36:47.968895,forsen,onyx__rose,18mill  AYAYA AYAYA AYAYA AYAYA AYAYA AYAYA AYAYA nyanPls AYAYA nyanPls AYAYA AYAYA AYAYA AYAYA AYAYA AYAYA AYAYA AYAYA AYAYA nyanPls AYAYA AYAYA AYAYA AYAYA AYAYA AYAYA AYAYA AYAYA AYAYA AYAYA nyanPls AYAYA
2025-03-26T03:36:48.054211,kamet0,arobases,prePffttt mais wsh
2025-03-26T03:36:48.139410,shroud,teeeeaaaaaa,@xainagon c OMEGALUL ns OMEGALUL le
2025-03-26T03:36:48.814909,shroud,tylerglhf,Good team
2025-03-26T03:36:48.932387,grimmmz,my_only_heby,oh it was another streamer named ccolors LUL
2025-03-26T03:36:49.017573,shroud,biggalejandro,SHROUD.....
2025-03-26T03:36:49.124102,forsen,onyx__rose,18mill AYAYA AYAYA AYAYA AYAYA AYAYA AYAYA AYAYA nyanPls AYAYA nyanPls AYAYA AYAYA AYAYA AYAYA AYAYA AYAYA AYAYA AYAYA AYAYA nyanPls AYAYA AYAYA AYAYA AYAYA AYAYA AYAYA AYAYA AYAYA AYAYA AYAYA nyanPls AYAYA
2025-03-26T03:36:49.209246,nl_kripp,bigshrubby,how is shield better than regen when the only thing that stands a chance is poison
2025-03-26T03:36:49.372446,forsen,tricklord,NaM NaM NaM NaM NaM NaM NaM NaM NaM NaM NaM NaM .
2025-03-26T03:36:49.609119,myth,blooz,life
2025-03-26T03:36:49.694312,jukes,marcinhodocrazy,MDS!
2025-03-26T03:36:49.967415,caedrel,ppdark1234,FRAUDPACE
2025-03-26T03:36:50.224407,forsen,onyx__rose,18mill  AYAYA AYAYA AYAYA AYAYA AYAYA AYAYA AYAYA nyanPls AYAYA nyanPls AYAYA AYAYA AYAYA AYAYA AYAYA AYAYA AYAYA AYAYA AYAYA nyanPls AYAYA AYAYA AYAYA AYAYA AYAYA AYAYA AYAYA AYAYA AYAYA AYAYA nyanPls AYAYA
2025-03-26T03:36:50.309769,xqc,oaesthetic_,!smp all
2025-03-26T03:36:50.552443,shroud,biggalejandro,CHILL
2025-03-26T03:36:50.637815,xqc,schnozebot,ACTION oAesthetic_ | xqcT xqcA xqcLook | lost 660 points LuL
2025-03-26T03:36:51.071997,forsen,tricklord,NaM NaM NaM NaM NaM NaM NaM NaM NaM NaM NaM NaM
2025-03-26T03:36:51.349367,forsen,onyx__rose,18mill AYAYA AYAYA AYAYA AYAYA AYAYA AYAYA AYAYA nyanPls AYAYA nyanPls AYAYA AYAYA AYAYA AYAYA AYAYA AYAYA AYAYA AYAYA AYAYA nyanPls AYAYA AYAYA AYAYA AYAYA AYAYA AYAYA AYAYA AYAYA AYAYA AYAYA nyanPls AYAYA
2025-03-26T03:36:51.434588,myth,imbecay,@Eopath fr this dude is a clown
2025-03-26T03:36:51.601625,lilypichu,liquidfinal,LULW you're so fked
2025-03-26T03:36:51.686833,lilypichu,natewooo,monkaS
2025-03-26T03:36:51.687083,xqc,fossabot,Merch drop #3 is out https://xqc.store/ EZ
2025-03-26T03:36:52.316169,nl_kripp,tsukinami_,!wollip
2025-03-26T03:36:52.401357,lilypichu,moonfallxz,om
2025-03-26T03:36:52.401515,xqc,wizwot,hamzy ta vu
2025-03-26T03:36:52.486565,grimmmz,fahntastique,he's colorblind
2025-03-26T03:36:52.486699,forsen,onyx__rose,18mill  AYAYA AYAYA AYAYA AYAYA AYAYA AYAYA AYAYA nyanPls AYAYA nyanPls AYAYA AYAYA AYAYA AYAYA AYAYA AYAYA AYAYA AYAYA AYAYA nyanPls AYAYA AYAYA AYAYA AYAYA AYAYA AYAYA AYAYA AYAYA AYAYA AYAYA nyanPls AYAYA
2025-03-26T03:36:52.571748,nl_kripp,streamlabs,â£¿â£¿â£¿â£¿â£¿â£¿â¡¿â ›â¢‰â£‰â ›â£‹â£´â£¶â£¶â£¶â£¶â£’â¢¦â£â ‹â ©â â£›â »â£¿â£¿â£¿â£¿â£¿ â£¿â£¿â£¿â£¿â£¿â¡â£°â£¿â¡¿â£¢â£¾â Ÿâ¢½â£¿â£¿â¢¿â£¿â£¿â¡·â£¼â£·â£œâ¢¿â¢³â£¤â ¹â£¿â£¿â£¿â£¿ â£¿â£¿â£¿â£¿â£¿â¢¡â£¿â¡½â£±â£¿â¢‹â£´â£¿â¡¿â£â£Žâ¢¿â£¿â£¿â£žâ¢¿â£¿â£Žâ¢§â¢»â£§â¢¹â£¿â£¿â£¿ â£¿â£¿â£¿â£¿â¡Ÿâ¢¸â¢§â¢·â£¿â£‡â£¿â£¿â¡Ÿâ£ â£¾â£¿â£®â¡£â¢»â£¿â£Žâ£¿â£§â ˜â¡Žâ£¿â¢¸â£¿â£¿â£¿ â£¿â£¿â£¿â£¿â¡‡â£¿â£¼â¢¸â£¿â ¸â¢¿â£‹â£’â£¹â£¿â£¿â£¿â£•â£¢â£â ¿â¢¸â£¿â °â£‡â£¿â¢¸â£¿â£¿â£¿ â¡â¢¶â£–â£–â£¶â£¶â¡¾â¢¸â£¿â£¸â£¿â ‹â ›â£¿â£¿â£¿â£¿â¡Ÿâ ‹â¢»â£¿â¢®â£¿â  â£·â¢²â£–â£’â¡¶â¢‚ â£¿â£¶â£Œâ¡›â ¿â£¿â£¿â¡¾â£¿â¡£â¢»â£¿â£¿â£¿â£¿â£¿â£¿â£¿â£¿â£¿â£¿â£¼â£¿â£¸â£¿â£¼â¡¿â¢‹â£´â£¿ â£¿â£¿â£¿â¡‡â£¿â¢°â¡â €â ¡â «â£²â£¿â£¿â¡Ÿâ£¿â¢¿â£¿â¢¹â£¿â¡¿â¡ƒâ žâ “â ‰â¡Œâ£½â¡†â£¿â£¿â£¿ â£¿â£¿â£¿â ƒâ£¿â¢¸â ƒâ €â â£€â£€â£›â¡»â¢¿â ¶â ¶â£¶â¡¿â ¿â ¿â£‰â¡‚â£€â£€â¡ƒâ¢›â ·â¢¹â£¿â£¿ â£¿â£¿â£¿â¢¸â£¿â¡¸â¡€â£°â£¿â£¿â â£¥â£‚â£€â£ â£¤â£¤â¡Œâ£¿â£¿â£¿â£¿â¢¸â£¿â£¿â ¨â ¤â €â£¿â£¿
2025-03-26T03:36:52.821263,forsen,tricklord,NaM NaM NaM NaM NaM NaM NaM NaM NaM NaM NaM NaM .
2025-03-26T03:36:53.063678,lilypichu,ruh_bert,o7
2025-03-26T03:36:53.209750,rakin,cego1,presta atenÃ§Ã£o no que tu falou kkkkkk
2025-03-26T03:36:53.562135,xqc,oredokzx,en crisse cuh
2025-03-26T03:36:53.647406,forsen,onyx__rose,18mill AYAYA AYAYA AYAYA AYAYA AYAYA AYAYA AYAYA nyanPls AYAYA nyanPls AYAYA AYAYA AYAYA AYAYA AYAYA AYAYA AYAYA AYAYA AYAYA nyanPls AYAYA AYAYA AYAYA AYAYA AYAYA AYAYA AYAYA AYAYA AYAYA AYAYA nyanPls AYAYA
2025-03-26T03:36:53.647646,xqc,wizwot,hamzy  ta vu
2025-03-26T03:36:53.856581,forsen,thraankez,!ecount angrE
2025-03-26T03:36:54.118189,forsen,snusbot,"angrE has been used 1,649,893 times."
2025-03-26T03:36:54.203268,summit1g,mogstreet,Deadside
2025-03-26T03:36:54.386907,lilypichu,zomokun,MONKA
2025-03-26T03:36:54.576897,loltyler1,louieme,@thank_s_ he's been doing that
2025-03-26T03:36:54.704593,forsen,onyx__rose,18mill  AYAYA AYAYA AYAYA AYAYA AYAYA AYAYA AYAYA nyanPls AYAYA nyanPls AYAYA AYAYA AYAYA AYAYA AYAYA AYAYA AYAYA AYAYA AYAYA nyanPls AYAYA AYAYA AYAYA AYAYA AYAYA AYAYA AYAYA AYAYA AYAYA AYAYA nyanPls AYAYA
2025-03-26T03:36:54.789832,xqc,wizwot,hamzy ta vu
2025-03-26T03:36:54.905875,gaules,rowzigrus,Voltamo FamÃ­lia
2025-03-26T03:36:54.991040,xqc,ratot,wizWOT OOOOO u got proper gloves with them
2025-03-26T03:36:54.991236,forsen,tricklord,NaM NaM NaM NaM NaM NaM NaM NaM NaM NaM NaM NaM
2025-03-26T03:36:55.120893,loltyler1,steeltownusa89,ur doin good
2025-03-26T03:36:55.208421,nl_kripp,variable_ikaros,NinNin
2025-03-26T03:36:55.208608,gaules,gaules,"Se vocÃª ou alguÃ©m prÃ³ximo estiver passando por uma depressÃ£o, esse vÃ­deo pode te ajudar: bit.ly/4eSrPne"
2025-03-26T03:36:55.293731,lilypichu,moonfallxz,MONKA
2025-03-26T03:36:55.378940,loltyler1,musclemiketft,re-train stomp
2025-03-26T03:36:55.678048,shroud,xawri,farmed
2025-03-26T03:36:55.763224,loltyler1,brenjamen,Kapp
2025-03-26T03:36:55.854671,forsen,onyx__rose,18mill AYAYA AYAYA AYAYA AYAYA AYAYA AYAYA AYAYA nyanPls AYAYA nyanPls AYAYA AYAYA AYAYA AYAYA AYAYA AYAYA AYAYA AYAYA AYAYA nyanPls AYAYA AYAYA AYAYA AYAYA AYAYA AYAYA AYAYA AYAYA AYAYA AYAYA nyanPls AYAYA
2025-03-26T03:36:55.939901,xqc,wizwot,hamzy  ta vu
2025-03-26T03:36:56.025061,jukes,rhoberrt,Max
2025-03-26T03:36:56.110293,myth,troubler50,u are p clean
2025-03-26T03:36:56.195525,summit1g,rinzelhoe,4L fell off
2025-03-26T03:36:56.195677,lilypichu,crispytain,xdd
2025-03-26T03:36:56.280710,summit1g,pancakesonmyface,grab scrap for rep in van
2025-03-26T03:36:56.365900,shroud,xainagon,"@hashmash123 nah I know Wolverine was way better but iron first was so much harder to counter than wolf on console so if you were Adam and an iron fist dived you ur pretty much guaranteed dead, now you have like 2-3 secs longer to try and kill him"
2025-03-26T03:36:56.366084,jukes,ymonster69,100x e 25x branco
2025-03-26T03:36:56.657600,jukes,vitorojuara,scamado
2025-03-26T03:36:56.781911,forsen,tricklord,NaM NaM NaM NaM NaM NaM NaM NaM NaM NaM NaM NaM .
2025-03-26T03:36:56.949419,forsen,onyx__rose,18mill  AYAYA AYAYA AYAYA AYAYA AYAYA AYAYA AYAYA nyanPls AYAYA nyanPls AYAYA AYAYA AYAYA AYAYA AYAYA AYAYA AYAYA AYAYA AYAYA nyanPls AYAYA AYAYA AYAYA AYAYA AYAYA AYAYA AYAYA AYAYA AYAYA AYAYA nyanPls AYAYA
2025-03-26T03:36:57.034588,grimmmz,dainty_angela,I see those. Just not here
2025-03-26T03:36:57.119809,xqc,wizwot,hamzy ta vu
2025-03-26T03:36:57.205085,summit1g,th3mysticalman,prob bullet drop
2025-03-26T03:36:57.315289,summit1g,reggie4491,CLOTH FOR ROPE
2025-03-26T03:36:58.122400,lilypichu,capy_ara,AAAA
2025-03-26T03:36:58.226102,forsen,onyx__rose,18mill AYAYA AYAYA AYAYA AYAYA AYAYA AYAYA AYAYA nyanPls AYAYA nyanPls AYAYA AYAYA AYAYA AYAYA AYAYA AYAYA AYAYA AYAYA AYAYA nyanPls AYAYA AYAYA AYAYA AYAYA AYAYA AYAYA AYAYA AYAYA AYAYA AYAYA nyanPls AYAYA
2025-03-26T03:36:58.311260,xqc,peeter_69,thats nice tho wow
2025-03-26T03:36:58.396419,summit1g,apexgreatness,@Frettin_FPS yea servers with just pvp or you can do servers with just pve to learn
2025-03-26T03:36:58.526878,skipnho,rydanzin,sinistro ta
2025-03-26T03:36:58.679418,xqc,nawmps,@1f47a o7
2025-03-26T03:36:58.899506,forsen,tricklord,NaM NaM NaM NaM NaM NaM NaM NaM NaM NaM NaM NaM
2025-03-26T03:36:59.091555,jukes,streamelements,ACTION Entrem no meu discord! Subscribers tem acesso especial (Conecte a sua conta da Twitch com a do Discord para receber os benefÃ­cios e acesso Ã s salas para subs) https://discord.gg/jukes LETSGO
2025-03-26T03:36:59.181998,jukes,andychrono,Ã‰ MAFIAAAAAAAAAAAAAAAAAAAAAAA
2025-03-26T03:36:59.267157,loltyler1,dumbdevil48,30
2025-03-26T03:36:59.352315,jukes,lubskat2,Marmelada
2025-03-26T03:36:59.451557,forsen,onyx__rose,18mill  AYAYA AYAYA AYAYA AYAYA AYAYA AYAYA AYAYA nyanPls AYAYA nyanPls AYAYA AYAYA AYAYA AYAYA AYAYA AYAYA AYAYA AYAYA AYAYA nyanPls AYAYA AYAYA AYAYA AYAYA AYAYA AYAYA AYAYA AYAYA AYAYA AYAYA nyanPls AYAYA
2025-03-26T03:36:59.536730,skipnho,seyd,@matheusxpj pra saber qual Ã© o filme pai
2025-03-26T03:36:59.775052,lilypichu,sunburntsam0,his next video should be out soon
2025-03-26T03:36:59.860203,lilypichu,gonzo47_,magic missile
2025-03-26T03:36:59.860354,lilypichu,tartolla,MONKA
2025-03-26T03:36:59.945432,jukes,vgsferraz,FALA MB
2025-03-26T03:36:59.945630,loltyler1,drachenfels,Uncler1
2025-03-26T03:37:00.371466,jukes,starksora,@jukes se ganhar jÃ¡ sabe viu
2025-03-26T03:37:00.456670,loltyler1,peachpit__,Oldge
2025-03-26T03:37:00.541882,xqc,wizwot,ratot yes EZ
2025-03-26T03:37:00.627047,grimmmz,darkprometheus112,@le_ipwn you can make it bug to where this is possible
2025-03-26T03:37:00.712219,forsen,tricklord,NaM NaM NaM NaM NaM NaM NaM NaM NaM NaM NaM NaM .
2025-03-26T03:37:00.797403,loltyler1,green_aries,same
2025-03-26T03:37:00.954351,loltyler1,shouchi_,im waiting for you to get better sus
2025-03-26T03:37:01.039561,jukes,ymonster69,caralho q abalo
2025-03-26T03:37:01.164362,xqc,hamzasjuice,"@wizWOT, no one cares lil bro"
2025-03-26T03:37:01.249542,loltyler1,kurtrodgers,Washed
2025-03-26T03:37:01.563515,nl_kripp,rusle0n,:3
2025-03-26T03:37:01.721127,myth,therealdeemz,@Eopath Just rage baited bro for 20 minutes om
2025-03-26T03:37:01.806283,forsen,djfors_,@porcpine forsenJam you can add song now! forsenMaxLevel
2025-03-26T03:37:01.939874,forsen,onyx__rose,18mill AYAYA AYAYA AYAYA AYAYA AYAYA AYAYA AYAYA nyanPls AYAYA nyanPls AYAYA AYAYA AYAYA AYAYA AYAYA AYAYA AYAYA AYAYA AYAYA nyanPls AYAYA AYAYA AYAYA AYAYA AYAYA AYAYA AYAYA AYAYA AYAYA AYAYA nyanPls AYAYA
2025-03-26T03:37:02.431057,forsen,tricklord,NaM NaM NaM NaM NaM NaM NaM NaM NaM NaM NaM NaM
2025-03-26T03:37:02.928654,shroud,opaquematter,shroud's aim is impeccable
2025-03-26T03:37:03.013868,myth,eopath,@imbecay fax fuck him
2025-03-26T03:37:03.419339,lilypichu,sphelynx,AAAA
2025-03-26T03:37:03.722659,skipnho,sucoghanmie,pinei
2025-03-26T03:37:04.949846,xqc,ratot,clappi
2025-03-26T03:37:05.034973,summit1g,redlightning65,has summit mentioned anything about giving delta force a try??
2025-03-26T03:37:05.467410,jukes,mike_o_bobo,Ã© mafia
2025-03-26T03:37:05.567086,gamesdonequick,madako_tg,skaiJam
2025-03-26T03:37:05.909066,jukes,vgsferraz,Ã‰ MAFIA
2025-03-26T03:37:06.538843,forsen,tricklord,!ecount NaM
2025-03-26T03:37:06.646341,xqc,fossabot,ACTION :  Are you a vod enjoyer ? Watch them here ! https://xqc.wtf/
2025-03-26T03:37:06.799711,forsen,snusbot,"NaM has been used 19,310,662 times."
2025-03-26T03:37:06.884843,lilypichu,moonfallxz,Wait
2025-03-26T03:37:07.587157,lilypichu,piffvt,he's only 17 hp
2025-03-26T03:37:08.300181,lilypichu,moonfallxz,he is low
2025-03-26T03:37:08.397045,skipnho,scrollock0,Bolsonaro na cadeia serÃ¡ que vai ser assim?
2025-03-26T03:37:08.482273,xqc,wizwot,regarde hamzy
2025-03-26T03:37:08.567465,lilypichu,aesolid_devil,kite and magic missile
2025-03-26T03:37:08.772841,loltyler1,aggybaby,'GAME IS EASY'
2025-03-26T03:37:08.953959,jukes,filipee_1,Ã‰ MÃFIAAAAAAAAAAAA
2025-03-26T03:37:09.086499,lilypichu,crispytain,HE HAS 17 HP JUST KILL HIM?????
2025-03-26T03:37:09.171688,lilypichu,natewooo,yo jodi kinda cookin him
2025-03-26T03:37:09.171897,jukes,yooungjc,mafia
2025-03-26T03:37:09.432063,skipnho,mardony,uÃ©
2025-03-26T03:37:09.559489,loltyler1,lndry1998007,theres a lot going on he cant keep up
2025-03-26T03:37:09.672289,lilypichu,nyfe,Pog HUGE
2025-03-26T03:37:09.922004,grimmmz,dephoro,grimWelcome grimDS grimLove
2025-03-26T03:37:10.083156,forsen,tricklord,NaM NaM NaM NaM NaM NaM NaM NaM NaM NaM NaM NaM
2025-03-26T03:37:10.248658,shroud,loki57_,@xainagon @xainagon c OMEGALUL ns OMEGALUL le
2025-03-26T03:37:10.333836,myth,tsm_ad0pted,om
2025-03-26T03:37:10.614532,myth,troubler50,MODS CLEAN THE CHAT PLS
2025-03-26T03:37:10.767488,shroud,xawri,Iron Fist carry
2025-03-26T03:37:10.906021,skipnho,vitutastys3x,@drakskol VAI SABER AS VEZES N
2025-03-26T03:37:11.328618,loltyler1,sonoflight,starting to be like us Oldge
2025-03-26T03:37:12.012269,nl_kripp,tsukinami_,!8ball NinNin
2025-03-26T03:37:12.097396,forsen,tricklord,NaM NaM NaM NaM NaM NaM NaM NaM NaM NaM NaM NaM .
2025-03-26T03:37:12.262016,nl_kripp,streamlabs,I would say no monkaHmm
2025-03-26T03:37:12.347160,loltyler1,theyungmachete,kekking
2025-03-26T03:37:12.514220,skipnho,stalker_dark_,ALguem sabe o nome do filme?
2025-03-26T03:37:12.599535,skipnho,lightg__,uÃ©
2025-03-26T03:37:12.700883,skipnho,kong_v7,!filme
2025-03-26T03:37:12.785942,forsen,onyx__rose,18mill  AYAYA AYAYA AYAYA AYAYA AYAYA AYAYA AYAYA nyanPls AYAYA nyanPls AYAYA AYAYA AYAYA AYAYA AYAYA AYAYA AYAYA AYAYA AYAYA nyanPls AYAYA AYAYA AYAYA AYAYA AYAYA AYAYA AYAYA AYAYA AYAYA AYAYA nyanPls AYAYA
2025-03-26T03:37:12.871146,myth,therealdeemz,@Eopath you a bitch om
2025-03-26T03:37:13.484510,forsen,snusbot,Make sure you follow forsenE on Twitter to stay up-to-date on stream information: https://twitter.com/Forsen forsenBoys
2025-03-26T03:37:13.596039,summit1g,shadesofsalt,this is sort of like ARMA wasteland but i like arma more
2025-03-26T03:37:13.681248,forsen,tricklord,NaM NaM NaM NaM NaM NaM NaM NaM NaM NaM NaM NaM
2025-03-26T03:37:13.932194,forsen,onyx__rose,18mill AYAYA AYAYA AYAYA AYAYA AYAYA AYAYA AYAYA nyanPls AYAYA nyanPls AYAYA AYAYA AYAYA AYAYA AYAYA AYAYA AYAYA AYAYA AYAYA nyanPls AYAYA AYAYA AYAYA AYAYA AYAYA AYAYA AYAYA AYAYA AYAYA AYAYA nyanPls AYAYA
2025-03-26T03:37:14.794008,shroud,cyborgbirdy,locked in so good
2025-03-26T03:37:15.050030,forsen,onyx__rose,18mill  AYAYA AYAYA AYAYA AYAYA AYAYA AYAYA AYAYA nyanPls AYAYA nyanPls AYAYA AYAYA AYAYA AYAYA AYAYA AYAYA AYAYA AYAYA AYAYA nyanPls AYAYA AYAYA AYAYA AYAYA AYAYA AYAYA AYAYA AYAYA AYAYA AYAYA nyanPls AYAYA
2025-03-26T03:37:15.578412,forsen,tricklord,NaM NaM NaM NaM NaM NaM NaM NaM NaM NaM NaM NaM .
2025-03-26T03:37:15.754083,forsen,porcpine,SwiftRage I HATE YOU FUCKERS
2025-03-26T03:37:15.839265,summit1g,rinzelhoe,4L doing charity work now thats crazy
2025-03-26T03:37:15.839457,lilypichu,liquidfinal,HOLY
2025-03-26T03:37:15.924418,nl_kripp,cobothegreat,Bladed shield when?
2025-03-26T03:37:16.011758,summit1g,uenvy_,Kreygasm he lost
2025-03-26T03:37:16.174886,skipnho,brimbo_,fragmentado
2025-03-26T03:37:16.260068,forsen,onyx__rose,18mill AYAYA AYAYA AYAYA AYAYA AYAYA AYAYA AYAYA nyanPls AYAYA nyanPls AYAYA AYAYA AYAYA AYAYA AYAYA AYAYA AYAYA AYAYA AYAYA nyanPls AYAYA AYAYA AYAYA AYAYA AYAYA AYAYA AYAYA AYAYA AYAYA AYAYA nyanPls AYAYA
2025-03-26T03:37:16.369206,summit1g,sikkab,Kreygasm
2025-03-26T03:37:16.784259,summit1g,vkeelow,@redlightning65 filled with hackers
2025-03-26T03:37:16.869550,lilypichu,moonfallxz,HUGE
2025-03-26T03:37:16.954737,forsen,porcpine,SwiftRage  I HATE YOU FUCKERS
2025-03-26T03:37:16.954988,summit1g,walket1,HUH
2025-03-26T03:37:17.040006,myth,imbecay,@therealdeemz lmfao there aint no coming bad bud just sit down stop typing
2025-03-26T03:37:17.210352,forsen,tricklord,NaM NaM NaM NaM NaM NaM NaM NaM NaM NaM NaM NaM
2025-03-26T03:37:17.295562,forsen,onyx__rose,18mill  AYAYA AYAYA AYAYA AYAYA AYAYA AYAYA AYAYA nyanPls AYAYA nyanPls AYAYA AYAYA AYAYA AYAYA AYAYA AYAYA AYAYA AYAYA AYAYA nyanPls AYAYA AYAYA AYAYA AYAYA AYAYA AYAYA AYAYA AYAYA AYAYA AYAYA nyanPls AYAYA
2025-03-26T03:37:17.417325,summit1g,aseawolf,uuh
2025-03-26T03:37:17.502519,lilypichu,tartolla,Fight him LETSGO
2025-03-26T03:37:17.674164,summit1g,wortoro,Kreygasm ?
2025-03-26T03:37:17.759295,lilypichu,spongebob1178,2ezzzz
2025-03-26T03:37:18.417455,forsen,onyx__rose,18mill AYAYA AYAYA AYAYA AYAYA AYAYA AYAYA AYAYA nyanPls AYAYA nyanPls AYAYA AYAYA AYAYA AYAYA AYAYA AYAYA AYAYA AYAYA AYAYA nyanPls AYAYA AYAYA AYAYA AYAYA AYAYA AYAYA AYAYA AYAYA AYAYA AYAYA nyanPls AYAYA
2025-03-26T03:37:18.511571,skipnho,mardony,F
2025-03-26T03:37:18.596896,boxbox,krimkrator,hey @boxbox what are your favorite traits this set so far?
2025-03-26T03:37:18.707048,summit1g,onechuking,HUH
2025-03-26T03:37:18.792333,skipnho,matheusxpj,ixi
2025-03-26T03:37:18.918978,summit1g,campifyz,HUH
2025-03-26T03:37:19.004158,forsen,tricklord,NaM NaM NaM NaM NaM NaM NaM NaM NaM NaM NaM NaM .
2025-03-26T03:37:19.136736,lilypichu,liquidfinal,YOU MIGHT KILL HIM
2025-03-26T03:37:19.540805,forsen,onyx__rose,18mill  AYAYA AYAYA AYAYA AYAYA AYAYA AYAYA AYAYA nyanPls AYAYA nyanPls AYAYA AYAYA AYAYA AYAYA AYAYA AYAYA AYAYA AYAYA AYAYA nyanPls AYAYA AYAYA AYAYA AYAYA AYAYA AYAYA AYAYA AYAYA AYAYA AYAYA nyanPls AYAYA
2025-03-26T03:37:19.700547,summit1g,frettin_fps,"@ApeXGreatness are those servers popular, or does everyone play this instead?"
2025-03-26T03:37:19.846126,summit1g,cmclolx,HUH
2025-03-26T03:37:20.030917,nl_kripp,variable_ikaros,NinNin Finger
2025-03-26T03:37:20.116004,skipnho,yurilima3d,ih
2025-03-26T03:37:20.230419,skipnho,w4llkerr,fui de ban
2025-03-26T03:37:20.438906,summit1g,f0reignerx,my ballsack
2025-03-26T03:37:20.524054,rakin,xitsa,do nado
2025-03-26T03:37:20.609277,forsen,tricklord,NaM NaM NaM NaM NaM NaM NaM NaM NaM NaM NaM NaM
2025-03-26T03:37:20.694533,skipnho,pedrinho_justiceiro,oxi
2025-03-26T03:37:20.694727,forsen,onyx__rose,18mill AYAYA AYAYA AYAYA AYAYA AYAYA AYAYA AYAYA nyanPls AYAYA nyanPls AYAYA AYAYA AYAYA AYAYA AYAYA AYAYA AYAYA AYAYA AYAYA nyanPls AYAYA AYAYA AYAYA AYAYA AYAYA AYAYA AYAYA AYAYA AYAYA AYAYA nyanPls AYAYA
2025-03-26T03:37:20.779837,myth,rickyzhash,@therealdeemz this is called backing down
2025-03-26T03:37:20.779999,summit1g,thizzbox707,Kreygasm
2025-03-26T03:37:20.864945,forsen,porcpine,;s blew nirvana
2025-03-26T03:37:20.963296,loltyler1,kimirhythm,Other dude probably been playing way longer than you tho
2025-03-26T03:37:21.048470,skipnho,thereareblues,uÃ©
2025-03-26T03:37:21.322345,lilypichu,aesolid_devil,back off
2025-03-26T03:37:21.407511,lilypichu,mochamjolk,WAIT WINNABLE
2025-03-26T03:37:21.492708,summit1g,arctic_jdm,Kreygasm moaning for big bags
2025-03-26T03:37:21.581597,loltyler1,excellentsense,nice wave
2025-03-26T03:37:21.775483,forsen,onyx__rose,18mill  AYAYA AYAYA AYAYA AYAYA AYAYA AYAYA AYAYA nyanPls AYAYA nyanPls AYAYA AYAYA AYAYA AYAYA AYAYA AYAYA AYAYA AYAYA AYAYA nyanPls AYAYA AYAYA AYAYA AYAYA AYAYA AYAYA AYAYA AYAYA AYAYA AYAYA nyanPls AYAYA
2025-03-26T03:37:21.947575,summit1g,klnns,@redlightning65 idk but delta force is fire
2025-03-26T03:37:22.038310,skipnho,rydanzin,boa mod
2025-03-26T03:37:22.123573,skipnho,jnrm,eita
2025-03-26T03:37:22.533961,forsen,djfors_,porcpine docJAM added Nirvana   Blew  Live And Loud  Seattle   1993  [...]
2025-03-26T03:37:22.626978,nl_kripp,kaiserceledorn,lol so much extra scaling
2025-03-26T03:37:22.917221,forsen,onyx__rose,18mill AYAYA AYAYA AYAYA AYAYA AYAYA AYAYA AYAYA nyanPls AYAYA nyanPls AYAYA AYAYA AYAYA AYAYA AYAYA AYAYA AYAYA AYAYA AYAYA nyanPls AYAYA AYAYA AYAYA AYAYA AYAYA AYAYA AYAYA AYAYA AYAYA AYAYA nyanPls AYAYA
2025-03-26T03:37:23.081087,grimmmz,my_only_heby,I'm sorry for the confusion
2025-03-26T03:37:23.248041,forsen,tricklord,NaM NaM NaM NaM NaM NaM NaM NaM NaM NaM NaM NaM .
2025-03-26T03:37:23.333256,grimmmz,solitude_bound,Its much when they're multicolored yeah
2025-03-26T03:37:23.452731,skipnho,potro001,@stalker_dark_ GALANTEADOR NA PRISÃƒO
2025-03-26T03:37:23.662635,rakin,rhanielja,@rodrigueradoidera tecnicamente nao da pra ser sociopata se nao sentir emoÃ§ao por robo ne
2025-03-26T03:37:23.747830,summit1g,forlornkensei,ye
2025-03-26T03:37:23.832987,summit1g,adrian_87_,HUH
2025-03-26T03:37:24.022835,forsen,onyx__rose,18mill  AYAYA AYAYA AYAYA AYAYA AYAYA AYAYA AYAYA nyanPls AYAYA nyanPls AYAYA AYAYA AYAYA AYAYA AYAYA AYAYA AYAYA AYAYA AYAYA nyanPls AYAYA AYAYA AYAYA AYAYA AYAYA AYAYA AYAYA AYAYA AYAYA AYAYA nyanPls AYAYA
2025-03-26T03:37:24.701937,jukes,ymonster69,com 16 spins ainda
2025-03-26T03:37:24.879134,forsen,tricklord,NaM NaM NaM NaM NaM NaM NaM NaM NaM NaM NaM NaM
2025-03-26T03:37:25.156643,skipnho,seyd,kkkkkkkkkkkkkkkkk
2025-03-26T03:37:25.241810,forsen,onyx__rose,18mill AYAYA AYAYA AYAYA AYAYA AYAYA AYAYA AYAYA nyanPls AYAYA nyanPls AYAYA AYAYA AYAYA AYAYA AYAYA AYAYA AYAYA AYAYA AYAYA nyanPls AYAYA AYAYA AYAYA AYAYA AYAYA AYAYA AYAYA AYAYA AYAYA AYAYA nyanPls AYAYA
2025-03-26T03:37:25.327179,rakin,yagokaz,@cego1 a capacidade de sentir empatia por coisas que nÃ£o sÃ£o humanas Ã© a definiÃ§Ã£o de ser humano funcional...
2025-03-26T03:37:25.454743,nl_kripp,baisotei,cool build though
2025-03-26T03:37:25.724721,summit1g,unrulyjester,You can probably drop the pants and extra bag for more space
2025-03-26T03:37:25.883018,loltyler1,entdays,thats why i play battle field over rts games
2025-03-26T03:37:26.212685,skipnho,alissonrdod,Taxando
2025-03-26T03:37:26.297842,forsen,onyx__rose,18mill  AYAYA AYAYA AYAYA AYAYA AYAYA AYAYA AYAYA nyanPls AYAYA nyanPls AYAYA AYAYA AYAYA AYAYA AYAYA AYAYA AYAYA AYAYA AYAYA nyanPls AYAYA AYAYA AYAYA AYAYA AYAYA AYAYA AYAYA AYAYA AYAYA AYAYA nyanPls AYAYA
2025-03-26T03:37:26.453833,rakin,xitsa,ate escrevi errado
2025-03-26T03:37:26.598983,skipnho,ayattolive,q
2025-03-26T03:37:26.684248,nl_kripp,yaneq444,"""yet"""
2025-03-26T03:37:26.784731,loltyler1,xternal401,SPEED SCROLL
2025-03-26T03:37:26.869962,loltyler1,steeltownusa89,dont give up
2025-03-26T03:37:27.145622,jukes,iidannety,"@jukes big banker Jukera por favor, tem crianÃ§a chorando"
2025-03-26T03:37:27.397614,forsen,onyx__rose,18mill AYAYA AYAYA AYAYA AYAYA AYAYA AYAYA AYAYA nyanPls AYAYA nyanPls AYAYA AYAYA AYAYA AYAYA AYAYA AYAYA AYAYA AYAYA AYAYA nyanPls AYAYA AYAYA AYAYA AYAYA AYAYA AYAYA AYAYA AYAYA AYAYA AYAYA nyanPls AYAYA
2025-03-26T03:37:27.482870,skipnho,rafaeu1,FOI MAL
2025-03-26T03:37:27.483014,jukes,guzera16,Wild bandito confia
2025-03-26T03:37:27.574209,xqc,wizwot,regarde et je te gift PauseMan ...
2025-03-26T03:37:27.747892,summit1g,79minus10,HUH
2025-03-26T03:37:27.833055,skipnho,aiori__,PewPewPew
2025-03-26T03:37:27.833228,skipnho,rydanzin,kkkkkkkkkkkkkkkk
2025-03-26T03:37:27.945122,lilypichu,natewooo,Kappa why is fanfan running away
2025-03-26T03:37:28.519503,forsen,onyx__rose,18mill  AYAYA AYAYA AYAYA AYAYA AYAYA AYAYA AYAYA nyanPls AYAYA nyanPls AYAYA AYAYA AYAYA AYAYA AYAYA AYAYA AYAYA AYAYA AYAYA nyanPls AYAYA AYAYA AYAYA AYAYA AYAYA AYAYA AYAYA AYAYA AYAYA AYAYA nyanPls AYAYA
2025-03-26T03:37:28.624265,rakin,ggabrihell,Kkkkkk
2025-03-26T03:37:29.035410,summit1g,wturu,Kreygasm
2025-03-26T03:37:29.120523,jukes,streamelements,TIK TOK DO JUKERA . . . . . tiktok.com/@jukes.tv  GIGACHAD
2025-03-26T03:37:29.120699,summit1g,mstardis_,@Binodynamic I tried playing Div 2 with the boys but we all good bored of it after a week grind.
2025-03-26T03:37:29.415051,forsen,porcpine,SwiftRage I HATE YOU FUCKERS
2025-03-26T03:37:29.640359,forsen,onyx__rose,18mill AYAYA AYAYA AYAYA AYAYA AYAYA AYAYA AYAYA nyanPls AYAYA nyanPls AYAYA AYAYA AYAYA AYAYA AYAYA AYAYA AYAYA AYAYA AYAYA nyanPls AYAYA AYAYA AYAYA AYAYA AYAYA AYAYA AYAYA AYAYA AYAYA AYAYA nyanPls AYAYA
2025-03-26T03:37:29.946100,myth,tsm_ad0pted,@Troubler50 it's funny can't lie om
2025-03-26T03:37:30.124666,myth,imbecay,back*
2025-03-26T03:37:30.539853,forsen,porcpine,SwiftRage  I HATE YOU FUCKERS
2025-03-26T03:37:30.687550,skipnho,alle_kush,Porra
2025-03-26T03:37:30.772737,forsen,onyx__rose,18mill  AYAYA AYAYA AYAYA AYAYA AYAYA AYAYA AYAYA nyanPls AYAYA nyanPls AYAYA AYAYA AYAYA AYAYA AYAYA AYAYA AYAYA AYAYA AYAYA nyanPls AYAYA AYAYA AYAYA AYAYA AYAYA AYAYA AYAYA AYAYA AYAYA AYAYA nyanPls AYAYA
2025-03-26T03:37:30.857883,lilypichu,tartolla,Clutch or kici moment
2025-03-26T03:37:30.943088,skipnho,brazilianditto,mod corno
2025-03-26T03:37:30.943251,xqc,dex_malorian,namwp i forgor to send the art for like 2 months now Cooked sowwy maybe tmrr okak
2025-03-26T03:37:31.214672,summit1g,th3mysticalman,nutsack
2025-03-26T03:37:31.351057,loltyler1,andraste____,Washed
2025-03-26T03:37:31.436221,forsen,tricklord,NaM NaM NaM NaM NaM NaM NaM NaM NaM NaM NaM NaM .
2025-03-26T03:37:31.521393,myth,therealdeemz,om
2025-03-26T03:37:31.660930,forsen,porcpine,SwiftRage I HATE YOU FUCKERS
2025-03-26T03:37:31.759694,amouranth,fossabot,Join my discord! https://discord.gg/nAZEkUNWPt https://discord.gg/nAZEkUNWPt https://discord.gg/nAZEkUNWPt https://discord.gg/nAZEkUNWPt https://discord.gg/nAZEkUNWPt https://discord.gg/nAZEkUNWPt
2025-03-26T03:37:31.845004,summit1g,razortsc,sumComfy
2025-03-26T03:37:31.930188,forsen,onyx__rose,18mill AYAYA AYAYA AYAYA AYAYA AYAYA AYAYA AYAYA nyanPls AYAYA nyanPls AYAYA AYAYA AYAYA AYAYA AYAYA AYAYA AYAYA AYAYA AYAYA nyanPls AYAYA AYAYA AYAYA AYAYA AYAYA AYAYA AYAYA AYAYA AYAYA AYAYA nyanPls AYAYA
2025-03-26T03:37:32.049533,skipnho,ayattolive,lkkkkkkkkkkkkkkkkkkkkkkkkkkkkkkk
2025-03-26T03:37:32.183892,shroud,bxshvp,!drops
2025-03-26T03:37:32.338338,jukes,lubskat2,Mafia.
2025-03-26T03:37:32.423518,shroud,fossabot,@Bxshvp This command does nothing even if drops are on. NODDERS
2025-03-26T03:37:32.423679,skipnho,lightg__,kkkkkkkkkkkkkkkkkkkkkkkkkkkk
2025-03-26T03:37:32.617750,rakin,frizzo007,Ele comprou restaurante ?
2025-03-26T03:37:32.781541,forsen,porcpine,SwiftRage  I HATE YOU FUCKERS
2025-03-26T03:37:32.866917,xqc,peeter_69,hamzy ekibi nawmp dex rage peeter_69 wizWOT SOYSCREAM PissTime
2025-03-26T03:37:32.867100,shroud,mal_lobo_,that venom getting cucked by adam every time he dives
2025-03-26T03:37:32.952395,skipnho,rydanzin,pqp
2025-03-26T03:37:33.042208,forsen,tricklord,NaM NaM NaM NaM NaM NaM NaM NaM NaM NaM NaM NaM
2025-03-26T03:37:33.127575,skipnho,lokuratoral20,eITA o chat foi limpo kkk
2025-03-26T03:37:33.127713,skipnho,matheusxpj,perdeu o emprego
2025-03-26T03:37:33.127876,skipnho,yurilima3d,Ele mesmo
2025-03-26T03:37:33.248725,skipnho,dexterdarkness,skipnhoLAELE
2025-03-26T03:37:33.443191,skipnho,raejis,escagalho o chat
2025-03-26T03:37:33.698924,skipnho,rafaeu1,"FOI MISS CLICK MANO, IA APERTAR NA SETINHA"
2025-03-26T03:37:33.918107,forsen,porcpine,SwiftRage I HATE YOU FUCKERS
2025-03-26T03:37:34.003379,forsen,onyx__rose,18mill  AYAYA AYAYA AYAYA AYAYA AYAYA AYAYA AYAYA nyanPls AYAYA nyanPls AYAYA AYAYA AYAYA AYAYA AYAYA AYAYA AYAYA AYAYA AYAYA nyanPls AYAYA AYAYA AYAYA AYAYA AYAYA AYAYA AYAYA AYAYA AYAYA AYAYA nyanPls AYAYA
2025-03-26T03:37:34.492636,grimmmz,choupetto,hellow2Hii lanaluxHi2 ccolorHi @dephoro
2025-03-26T03:37:34.658682,skipnho,fabi0_gabiru,eita
2025-03-26T03:37:34.743910,jukes,vitorojuara,mais 150
2025-03-26T03:37:34.829030,grimmmz,my_only_heby,@dephoro grimWelcome
2025-03-26T03:37:34.914164,gamesdonequick,crazytastic,I sensing a trend... waggleT
2025-03-26T03:37:34.999317,summit1g,izahkiel,SEXO
2025-03-26T03:37:34.999500,forsen,tricklord,NaM NaM NaM NaM NaM NaM NaM NaM NaM NaM NaM NaM .
2025-03-26T03:37:35.084506,forsen,porcpine,SwiftRage  I HATE YOU FUCKERS
2025-03-26T03:37:35.169696,skipnho,lightg__,taxado
2025-03-26T03:37:35.275051,myth,identikalz,Wooooooooooooooo
2025-03-26T03:37:35.360221,skipnho,stefonmayers,MODERADOR OTARIO
2025-03-26T03:37:35.445375,skipnho,potro001,Ã‰ ELE MERMO
2025-03-26T03:37:35.530521,myth,trizket,GIGACHAD becay
2025-03-26T03:37:35.963218,summit1g,meatch,posture check
2025-03-26T03:37:36.067243,skipnho,billegates,po cara o mau venceu
2025-03-26T03:37:36.154711,forsen,porcpine,SwiftRage I HATE YOU FUCKERS
2025-03-26T03:37:36.239930,rakin,frizzo007,chat
2025-03-26T03:37:36.325123,skipnho,allanzicaa,kkkkkkkkkkkkkkkkkkkkkk
2025-03-26T03:37:36.465242,skipnho,r0d___,kkkkkkkkkkkkkkkkkkkkkkkkk
2025-03-26T03:37:36.550427,skipnho,natarei1,MKKKKKKKKKKKKKKKKKKKK
2025-03-26T03:37:36.665065,forsen,tricklord,NaM NaM NaM NaM NaM NaM NaM NaM NaM NaM NaM NaM
2025-03-26T03:37:36.750228,summit1g,fossabot,Follow summit on Twitter @ https://www.twitter.com/summit1g
2025-03-26T03:37:36.835414,skipnho,lnx88,Kkkkkkkkkkk
2025-03-26T03:37:36.920567,forsen,empathos,!ecount AYAYA
2025-03-26T03:37:37.167356,forsen,snusbot,"AYAYA has been used 17,999,771 times."
2025-03-26T03:37:37.274695,forsen,porcpine,SwiftRage  I HATE YOU FUCKERS
2025-03-26T03:37:37.359856,summit1g,kote1849,Is this gay just Day Z 2.0?
2025-03-26T03:37:37.657133,jukes,operario_1,MÃ¡fia
2025-03-26T03:37:37.799830,xqc,wizwot,hamzy ekibi nawmp dex rage peeter_69 wizWOT SOYSCREAM PissTime
2025-03-26T03:37:37.952826,skipnho,homer0ffice,PowerUpL StinkyGlitch
2025-03-26T03:37:38.037956,loltyler1,funkd4ddy,sounds ez
2025-03-26T03:37:38.260132,loltyler1,xternal401,HOLDDDDDDDDDDDDDDD
2025-03-26T03:37:38.345361,grimmmz,dephoro,@choupetto grimScatter2 grimScatter2 grimScatter2
2025-03-26T03:37:38.345548,skipnho,aliexrush,mula
2025-03-26T03:37:38.430551,forsen,porcpine,SwiftRage I HATE YOU FUCKERS
2025-03-26T03:37:38.587352,forsen,tricklord,NaM NaM NaM NaM NaM NaM NaM NaM NaM NaM NaM NaM .
2025-03-26T03:37:38.755231,summit1g,silentwisco,"@mookie1g just saying games like cod2 , older moha, day of defeat , BF1942 . Unless you sniped . You learned how to play with no optics on rifles and others . Tis all haha"
2025-03-26T03:37:38.840407,grimmmz,juicy0411,bit excessive yeah
2025-03-26T03:37:38.925590,skipnho,rafaeu1,FOI MISS CLICK FOI MALL
2025-03-26T03:37:39.190043,skipnho,r0d___,kkkkkkkkkkkkkkkkkkkkkkkkkkkkkkkkkkkkkk
2025-03-26T03:37:39.275161,xqc,ratot,yo gift me too wtf
2025-03-26T03:37:39.275267,skipnho,danilloflip,ja toma
2025-03-26T03:37:39.360388,skipnho,sh3rlocksan,pressF
2025-03-26T03:37:39.513035,forsen,porcpine,SwiftRage  I HATE YOU FUCKERS
2025-03-26T03:37:39.620624,lilypichu,crispytain,girl why are you tryna drop aggro ur full hp
2025-03-26T03:37:39.808422,myth,trizket,PepeLaugh
2025-03-26T03:37:39.893872,forsen,thraankez,!ecount pepeLaugh
2025-03-26T03:37:40.073884,kamet0,arobases,bn peepoSleep haydal ultime
2025-03-26T03:37:40.159089,forsen,snusbot,"pepeLaugh has been used 17,617,012 times."
2025-03-26T03:37:40.159259,skipnho,mizuchi11,@Rafaeu1 TOMA CANALHA
2025-03-26T03:37:40.244464,myth,brialaxy,@Troubler50 om
2025-03-26T03:37:40.329947,summit1g,kote1849,*game
2025-03-26T03:37:40.330081,forsen,tricklord,NaM NaM NaM NaM NaM NaM NaM NaM NaM NaM NaM NaM
2025-03-26T03:37:40.415262,skipnho,drakskol,kkkkkkkkkkkkkkkkkkk
2025-03-26T03:37:40.540551,lilypichu,oneforgetfulgamer,Those clutch melee attacks
2025-03-26T03:37:40.625867,skipnho,seyd,F MOD
2025-03-26T03:37:40.711125,skipnho,marfingh,MODERADOR TÃ FAZENDO MERDAA
2025-03-26T03:37:40.711287,myth,identikalz,that loop
2025-03-26T03:37:40.857498,skipnho,gbrgyn,kkkkkkkkkkkkkkkkkkkkkk
2025-03-26T03:37:41.180568,skipnho,elderzard,vai cobrando
2025-03-26T03:37:41.265840,skipnho,mardony,ONDE UE MANDO CURRICULO??
2025-03-26T03:37:41.351003,skipnho,mrlkennedy,SPORRADO
2025-03-26T03:37:41.514171,skipnho,sibache,lkkkkkkkkkkkkk
2025-03-26T03:37:41.653444,skipnho,tr_007_thiraasgo,Kkkkk
2025-03-26T03:37:41.816433,forsen,rhysinn,;s forsen Cooper miki
2025-03-26T03:37:41.901532,skipnho,andarilh0_o,LUL LUL LUL LUL LUL LUL
2025-03-26T03:37:41.986694,skipnho,narutobrbr,VAI TOMANDO TÃ
2025-03-26T03:37:42.236974,loltyler1,ltrlplel,aura op
2025-03-26T03:37:42.322210,forsen,tricklord,NaM NaM NaM NaM NaM NaM NaM NaM NaM NaM NaM NaM .
2025-03-26T03:37:42.322422,xqc,ratot,i saw it
2025-03-26T03:37:42.468312,summit1g,notbeezyy,guns are 1 slot wtf???
2025-03-26T03:37:42.604643,skipnho,barruanzin,kkkkkkkkkkkkkkkkkkkkkkkkkkk
2025-03-26T03:37:42.691623,skipnho,augustoneto012,KKKKKKKKKKKKK
2025-03-26T03:37:42.776757,skipnho,alexsilva1412,@SkipNhO tem Ã© racista no chat @bancodobrazilll
2025-03-26T03:37:42.861972,boxbox,swimwf,anyone remember when box played riven? :(
2025-03-26T03:37:43.215961,forsen,djfors_,rhysinn docJAM added Forsen Reacts To OH S  T MIKEY YAKSON [...]
2025-03-26T03:37:43.312057,jukes,fluc45,o7
2025-03-26T03:37:43.585349,skipnho,matheusxpj,ban no mod
2025-03-26T03:37:43.670590,skipnho,srpacho,TAXA ELE
2025-03-26T03:37:43.833685,summit1g,lieutenant_scrotes,gachiW
2025-03-26T03:37:43.918878,skipnho,iener29,KKKKKKKKKKKKKKKKKKKKKKKKKKKKKKKKKKKK
2025-03-26T03:37:44.004052,jukes,tigreredt,furto LUL
2025-03-26T03:37:44.004188,forsen,tricklord,NaM NaM NaM NaM NaM NaM NaM NaM NaM NaM NaM NaM
2025-03-26T03:37:44.004308,skipnho,arrascaeta14rj,KKKKKKKKKKKKKKKKKKKKKKKKKKKKKKKKKKKKK
2025-03-26T03:37:44.089236,lilypichu,btsensei11,Pog
2025-03-26T03:37:44.240283,skipnho,riquelme157enoissss,Kkkkkkk
2025-03-26T03:37:44.325523,skipnho,ciolex,aqui Ã© acelerado
2025-03-26T03:37:44.325669,skipnho,czzl1,Toma bronca
2025-03-26T03:37:44.410681,loltyler1,lndry1998007,dispel
2025-03-26T03:37:44.410865,skipnho,alle_kush,TÃ¡ moscando
2025-03-26T03:37:44.522228,skipnho,liljotah,Kkkkkkk
2025-03-26T03:37:44.607413,loltyler1,excellentsense,esnare
2025-03-26T03:37:44.692592,gamesdonequick,mapsamountainrange,"This is the runner that did the sad android game during frost fatales, yeah?"
2025-03-26T03:37:44.777819,caedrel,noordat,Wokege
2025-03-26T03:37:44.777951,skipnho,babuinosemnome,poha
2025-03-26T03:37:44.862930,skipnho,lucaskj02,kkkkkkkkkkkkkkkkkkkkkkkkkkkkkkkkkkkk
2025-03-26T03:37:44.863079,forsen,onyx__rose,18mill AYAYA AYAYA AYAYA AYAYA AYAYA AYAYA AYAYA nyanPls AYAYA nyanPls AYAYA AYAYA AYAYA AYAYA AYAYA AYAYA AYAYA AYAYA AYAYA nyanPls AYAYA AYAYA AYAYA AYAYA AYAYA AYAYA AYAYA AYAYA AYAYA AYAYA nyanPls AYAYA
2025-03-26T03:37:44.863207,skipnho,brazilianditto,da ban nele
2025-03-26T03:37:44.948095,jukes,jon1tas,+1
2025-03-26T03:37:45.033392,jukes,donnittt,fumo
2025-03-26T03:37:45.033534,jukes,albanohenriq,+1
2025-03-26T03:37:45.118690,skipnho,bloodborneforpc,vai tomando
2025-03-26T03:37:45.203992,skipnho,yuripaco,kkkkkkkkkkkkkkkkkkkkkkkkkkkkkk
2025-03-26T03:37:45.289596,skipnho,56889dsa_,BAN
2025-03-26T03:37:45.374898,summit1g,g0nza_a,bed there
2025-03-26T03:37:45.460067,skipnho,obt1313,toma
2025-03-26T03:37:45.545334,skipnho,savenx,taxado
2025-03-26T03:37:45.630576,xqc,hamzasjuice,JAI VU ARRETE DE ME PING ESTI DE RETARD PAS D'ESTI DE BON SANG
2025-03-26T03:37:45.715821,skipnho,lightg__,jÃ¡ vai tomando
2025-03-26T03:37:45.893251,nl_kripp,supergazman,need to find Hef and get fiery subscraper
2025-03-26T03:37:45.978508,forsen,onyx__rose,18mill  AYAYA AYAYA AYAYA AYAYA AYAYA AYAYA AYAYA nyanPls AYAYA nyanPls AYAYA AYAYA AYAYA AYAYA AYAYA AYAYA AYAYA AYAYA AYAYA nyanPls AYAYA AYAYA AYAYA AYAYA AYAYA AYAYA AYAYA AYAYA AYAYA AYAYA nyanPls AYAYA
2025-03-26T03:37:46.073102,forsen,tricklord,NaM NaM NaM NaM NaM NaM NaM NaM NaM NaM NaM NaM .
2025-03-26T03:37:46.158348,skipnho,ghostviiewer,tao fazendo cagada ai em
2025-03-26T03:37:46.158471,rakin,cego1,"@yagokaz quando eles decidirem acabar com o mundo, tu fala que ama ele"
2025-03-26T03:37:46.243763,skipnho,4lq1m15t4,KKKKKKKK
2025-03-26T03:37:46.329065,nl_kripp,cobothegreat,That was a sick build tbh
2025-03-26T03:37:46.472395,skipnho,loockes,vai tomando
2025-03-26T03:37:46.557694,skipnho,panda_moreno,pprt
2025-03-26T03:37:46.557948,gaules,nezzur4,!menage
2025-03-26T03:37:46.558055,myth,imbecay,<3
2025-03-26T03:37:46.643186,lilypichu,rocknswell,Magic Missile FTW
2025-03-26T03:37:46.728499,skipnho,akirolol1,Toma
2025-03-26T03:37:46.813801,skipnho,potro001,TAXADDOOO
2025-03-26T03:37:46.944853,xqc,wizwot,we good
2025-03-26T03:37:47.030050,skipnho,sh3rlocksan,foi um teste
2025-03-26T03:37:47.115437,forsen,onyx__rose,18mill AYAYA AYAYA AYAYA AYAYA AYAYA AYAYA AYAYA nyanPls AYAYA nyanPls AYAYA AYAYA AYAYA AYAYA AYAYA AYAYA AYAYA AYAYA AYAYA nyanPls AYAYA AYAYA AYAYA AYAYA AYAYA AYAYA AYAYA AYAYA AYAYA AYAYA nyanPls AYAYA
2025-03-26T03:37:47.208471,shroud,gabagooler420,legend dairy
2025-03-26T03:37:47.293738,shroud,cyborgbirdy,unlucky timing
2025-03-26T03:37:47.293907,skipnho,gvmaarques,kkkkkkkkkkkkkkkkkkkkkkkk
2025-03-26T03:37:47.379435,skipnho,marginalalladooficial,foi eu n em kk
2025-03-26T03:37:47.464705,skipnho,velhafumante_,- vai perdoando
2025-03-26T03:37:47.550027,summit1g,vipzstar,can you bind it on hotbar
2025-03-26T03:37:47.635575,forsen,tricklord,NaM NaM NaM NaM NaM NaM NaM NaM NaM NaM NaM NaM
2025-03-26T03:37:47.878403,skipnho,rydanzin,kkkkkkkkkkkkkkk
2025-03-26T03:37:47.963719,skipnho,alissonrdod,BAN NO MODERADOR
2025-03-26T03:37:47.963926,skipnho,mclovin2500,Demite ele
2025-03-26T03:37:48.192837,forsen,onyx__rose,18mill  AYAYA AYAYA AYAYA AYAYA AYAYA AYAYA AYAYA nyanPls AYAYA nyanPls AYAYA AYAYA AYAYA AYAYA AYAYA AYAYA AYAYA AYAYA AYAYA nyanPls AYAYA AYAYA AYAYA AYAYA AYAYA AYAYA AYAYA AYAYA AYAYA AYAYA nyanPls AYAYA
2025-03-26T03:37:48.389325,rakin,yagokaz,@frizzo007 ele sÃ³ comprou pika de resto nada
2025-03-26T03:37:48.508226,loltyler1,excellentsense,bm
2025-03-26T03:37:48.593601,jukes,mrblanes,"ganhar ou perder spin nesse jogo nao muda nada, mas vc aposta pra tentar pegar o bonus extra"
2025-03-26T03:37:49.521961,jukes,xun1n,@jukes the money men megaways adulto BloodTrail
2025-03-26T03:37:49.607131,forsen,tricklord,NaM NaM NaM NaM NaM NaM NaM NaM NaM NaM NaM NaM .
2025-03-26T03:37:49.692318,xqc,ratot,Olrite
2025-03-26T03:37:49.803844,nl_kripp,a_s__d,82 hastes seems good
2025-03-26T03:37:50.067455,skipnho,rdemom,mod boyceta
2025-03-26T03:37:50.152619,myth,therealdeemz,@imbecay Coming bad learn to type dumb fuck om
2025-03-26T03:37:50.152826,skipnho,scrollock0,taxado
2025-03-26T03:37:50.237861,skipnho,seyd,Ã‰ O TAXAS
2025-03-26T03:37:50.323011,skipnho,bregod1,BAN
2025-03-26T03:37:50.408175,forsen,onyx__rose,!ecount AYAYA
2025-03-26T03:37:50.408328,skipnho,dinab0y,"ELE TRANSA LENTO , NORMAL"
2025-03-26T03:37:50.514882,jukes,operario_1,Gates
2025-03-26T03:37:50.600149,forsen,snusbot,"AYAYA has been used 17,999,884 times."
2025-03-26T03:37:50.685408,skipnho,frugolii,CARA DE PERFIL DO RAFAEL DENUNCIA QUE Ã‰ ELE KKKKKKKKKK KEKW
2025-03-26T03:37:50.813634,summit1g,adrian_87_,mhm dayz 2.0
2025-03-26T03:37:51.076443,skipnho,aliexrush,@Rafaeu1 vai tomando
2025-03-26T03:37:51.182371,skipnho,aiori__,vai tomando
2025-03-26T03:37:51.267483,forsen,tricklord,NaM NaM NaM NaM NaM NaM NaM NaM NaM NaM NaM NaM
2025-03-26T03:37:51.352658,jukes,padmaxx,Vaza
